1,Rafael,MacWilliam,1991-01-28,,+351 (918) 561-4300,2019-08-16 02:55:33
2,Mable,,1994-09-29,mscothorne1@redcross.org,+54 (968) 423-8658,2020-02-12 11:48:48
3,Robinette,Gorick,,rgorick2@spiegel.de,+7 (856) 712-7679,2018-02-05 06:29:43
4,Katrine,Summergill,1990-11-29,ksummergill3@people.com.cn,+62 (812) 661-6190,2019-06-12 17:39:42
5,Dale,Robb,1991-09-04,drobb4@macromedia.com,+63 (893) 580-9357,2015-02-13 23:07:10
6,Ambur,Grazier,2002-01-18,agrazier5@pagesperso-orange.fr,+33 (252) 970-7090,2021-09-05 19:56:04
7,Matthus,Burness,2004-05-08,,+86 (376) 590-7013,2016-07-28 12:31:17
8,Burlie,Dows,,,+255 (344) 831-3677,2015-04-08 12:36:29
9,Liesa,Spenton,2002-06-13,lspenton8@wordpress.org,+86 (989) 371-7810,2019-03-30 10:54:48
10,Darsie,Whittall,1990-08-09,dwhittall9@list-manage.com,+48 (956) 473-7909,2016-07-24 00:49:38
11,Mendy,Cornelleau,1991-12-20,mcornelleaua@businesswire.com,+229 (848) 887-7825,2019-09-15 05:22:14
12,Alasdair,Filby,2000-04-07,afilbyb@gmpg.org,+370 (958) 735-8927,2021-06-21 10:19:43
13,Alessandro,Folker,2000-09-27,afolkerc@tripod.com,+63 (636) 357-8855,2016-01-15 05:34:30
14,Bale,Serman,2002-12-01,,+256 (925) 243-9124,2016-09-03 12:52:48
15,Arley,Warren,1999-06-16,awarrene@ustream.tv,+47 (160) 433-9819,2016-03-30 21:44:11
16,Hyacinthe,,1996-01-22,hhairyesf@ca.gov,+63 (708) 247-8589,2018-01-04 20:46:37
17,Haroun,Morston,,hmorstong@skype.com,+62 (953) 104-4372,2015-10-21 08:57:42
18,Milzie,Speares,1995-09-15,mspearesh@gravatar.com,+55 (522) 273-5846,2015-12-17 04:54:21
19,Doralynn,Ashingden,1992-12-26,dashingdeni@gmpg.org,+57 (793) 776-1374,2018-11-07 02:11:42
20,Alwyn,Kittless,,akittlessj@forbes.com,+86 (162) 451-7589,2016-06-12 04:55:31
21,Cori,,2002-06-14,cdenisckek@buzzfeed.com,+66 (118) 481-0880,2019-07-03 15:36:58
22,Vi,,1996-12-31,vthumiml@tinypic.com,+30 (978) 603-7709,2019-11-03 08:55:29
23,Cordie,,2003-05-10,,+51 (743) 379-4622,2021-01-17 05:40:57
24,Edi,Drexel,1995-06-08,edrexeln@so-net.ne.jp,+420 (195) 784-1442,2016-01-29 01:45:19
25,Raine,Olivella,,,+262 (716) 201-8505,2020-10-27 09:09:00
26,Rog,,1991-02-10,rgrindlayp@smh.com.au,+86 (449) 423-2234,2021-06-08 09:05:53
27,Harmon,Brunel,1992-06-19,hbrunelq@scribd.com,+62 (235) 509-9585,2020-06-02 03:40:55
28,Wilek,Foreman,1993-10-21,wforemanr@engadget.com,+86 (706) 817-3873,2016-10-30 05:41:27
29,Bernardine,Grimme,1992-12-08,bgrimmes@earthlink.net,+52 (652) 468-9899,2018-07-10 02:59:25
30,Kelli,Templar,,ktemplart@marriott.com,+86 (751) 389-3138,2018-05-19 21:25:43
31,Christan,Roylance,2003-09-01,,+1 (627) 845-8373,2021-07-23 11:08:10
32,Codee,Aksell,,caksellv@elegantthemes.com,+86 (413) 571-0297,2018-08-29 19:10:06
33,Barbara,,2001-12-22,bmeneghiw@sakura.ne.jp,+33 (610) 661-5608,2019-06-13 03:01:54
34,Eddi,,2002-10-08,eelliottx@pinterest.com,+44 (584) 979-8530,2020-04-20 10:47:59
35,Jephthah,Martignoni,1990-07-16,,+81 (494) 828-9328,2021-08-09 12:36:54
36,Abby,,1995-02-14,asenechaultz@t.co,+86 (386) 363-3264,2020-07-02 09:39:45
37,Orran,Alexandrescu,2001-03-30,oalexandrescu10@harvard.edu,+7 (716) 126-1216,2019-04-08 07:51:00
38,Earl,Pardie,1996-07-23,epardie11@sfgate.com,+86 (737) 987-4103,2015-11-21 10:27:47
39,Benny,Freeberne,1999-12-10,bfreeberne12@ft.com,+86 (226) 508-2928,2019-06-19 15:59:36
40,Tiertza,,,tlampet13@webs.com,+251 (123) 642-7292,2017-09-24 21:23:52
41,Brett,,1994-04-06,belfitt14@yelp.com,+57 (314) 306-4155,2015-10-14 22:26:29
42,Lin,Brack,,lbrack15@nyu.edu,+63 (882) 997-9519,2017-07-10 02:17:02
43,Terrijo,Greenrde,1998-06-21,tgreenrde16@amazonaws.com,+66 (354) 671-1560,2016-04-01 20:46:37
44,Chrysa,Pickerin,2003-10-04,cpickerin17@mac.com,+54 (220) 469-3791,2020-09-05 01:49:54
45,Orrin,Disbury,2000-10-14,,+64 (565) 582-7873,2016-11-17 19:09:40
46,Vanya,Crinidge,,vcrinidge19@wsj.com,+93 (594) 184-5183,2016-11-29 18:19:49
47,Pepito,Saphir,1992-04-02,psaphir1a@google.de,+1 (683) 360-1642,2019-10-03 18:31:57
48,Shelden,,,shinckley1b@unesco.org,+359 (985) 879-2134,2015-01-05 00:24:09
49,Almira,,1993-04-21,ajordeson1c@shutterfly.com,+370 (610) 267-5163,2017-11-26 10:41:53
50,Forest,Andreini,1998-08-18,fandreini1d@1und1.de,+86 (589) 644-4874,2018-10-07 02:12:47
51,Rachele,,,rmoff1e@discuz.net,+212 (315) 246-8633,2015-02-09 12:30:08
52,Cordi,,2001-04-06,,+7 (701) 450-1740,2019-08-03 08:21:43
53,Daffi,,1994-10-03,dshellibeer1g@ebay.co.uk,+33 (569) 276-5493,2016-08-15 07:17:19
54,Darcie,Innett,1990-04-18,dinnett1h@usatoday.com,+62 (589) 483-7999,2018-03-08 10:52:41
55,Farleigh,Sabater,1996-01-14,,+33 (395) 189-7623,2015-08-30 12:15:35
56,Timothea,Horrigan,1990-01-31,thorrigan1j@hubpages.com,+420 (125) 944-5149,2019-05-16 00:13:38
57,Kaila,Murra,1996-12-24,,+1 (285) 809-3273,2020-07-24 02:41:08
58,Odele,Silverlock,1995-03-16,osilverlock1l@hp.com,+55 (752) 233-8231,2017-03-30 16:37:24
59,Donn,Shilling,1990-01-25,dshilling1m@symantec.com,+970 (401) 282-1721,2018-11-04 11:40:16
60,Roscoe,McCaughey,,rmccaughey1n@ustream.tv,+351 (867) 346-0758,2019-04-10 07:05:46
61,Russell,Orwin,1990-05-24,rorwin1o@facebook.com,+1 (257) 507-7344,2018-06-09 18:45:55
62,Sarajane,Doud,,sdoud1p@indiatimes.com,+62 (134) 555-9541,2017-10-20 05:17:43
63,Clerkclaude,Lehrmann,,clehrmann1q@twitpic.com,+1 (688) 396-1379,2015-08-17 23:59:06
64,Garek,Swynfen,2003-02-11,gswynfen1r@sitemeter.com,+33 (567) 494-6379,2019-04-12 13:42:12
65,Maxwell,Bizley,2000-11-18,mbizley1s@blogspot.com,+55 (676) 968-6941,2015-09-10 10:40:39
66,Nissy,,,ncoult1t@biglobe.ne.jp,+52 (746) 677-3365,2017-11-30 16:31:23
67,Edouard,,1995-06-21,eeke1u@newyorker.com,+62 (714) 798-1789,2020-12-22 21:09:33
68,Knox,,1990-03-29,,+420 (382) 149-0069,2020-03-06 08:44:22
69,Marti,Lowther,1993-07-13,mlowther1w@hp.com,+86 (142) 106-9531,2018-08-09 12:07:19
70,Herve,Maccrea,1998-08-20,hmaccrea1x@howstuffworks.com,+81 (905) 284-8460,2021-06-12 08:09:52
71,Isa,Zoane,1995-03-01,izoane1y@unc.edu,+62 (448) 433-5215,2018-08-11 05:46:15
72,Hamish,Ramsden,,hramsden1z@hubpages.com,+232 (751) 222-8763,2016-12-02 01:46:29
73,Daile,Dudgeon,,ddudgeon20@apple.com,+227 (992) 830-5214,2020-07-06 15:21:52
74,Garrot,Gourlie,,ggourlie21@typepad.com,+30 (668) 184-0919,2016-09-15 11:12:16
75,Ricky,,1997-10-11,rbeckinsall22@blog.com,+62 (841) 768-1459,2019-09-18 21:54:14
76,Moritz,,,mporter23@paginegialle.it,+381 (325) 892-6578,2015-01-13 05:06:20
77,Lyndsay,Foye,2000-05-16,lfoye24@upenn.edu,+86 (870) 947-1048,2019-05-19 17:52:21
78,Sid,Maciejewski,1990-06-04,,+86 (191) 131-3948,2018-07-28 08:30:10
79,Maurie,Tarr,1998-09-06,mtarr26@miibeian.gov.cn,+48 (665) 636-5200,2019-05-17 13:04:28
80,Debby,Slack,1996-12-24,,+351 (764) 277-2115,2016-01-01 22:41:47
81,Gilberte,Shuard,,,+51 (645) 937-3305,2016-12-02 06:44:11
82,Godfry,Callen,1994-11-14,,+48 (496) 119-8776,2015-09-10 21:22:08
83,Morganne,Juster,,mjuster2a@fda.gov,+63 (657) 214-8730,2016-11-15 09:05:06
84,Staford,Yoslowitz,2003-08-24,syoslowitz2b@jimdo.com,+86 (143) 653-4836,2020-05-24 12:48:39
85,Lamont,Lyne,1997-05-07,llyne2c@un.org,+48 (392) 168-9608,2017-08-07 10:45:15
86,Rowland,,1996-08-14,rsebrook2d@unc.edu,+86 (481) 350-6175,2016-02-20 23:27:02
87,Lynelle,Drynan,1995-02-07,ldrynan2e@blog.com,+55 (413) 661-4320,2016-02-06 05:32:08
88,Elizabet,Dowman,1990-08-13,edowman2f@mysql.com,+7 (566) 338-1344,2017-07-23 18:58:01
89,Cassi,,2003-02-06,,+7 (445) 286-9260,2020-03-17 11:38:45
90,Marita,Cake,,mcake2h@about.me,+58 (319) 540-7361,2016-05-28 03:18:53
91,Trumaine,,,toliveras2i@imgur.com,+93 (794) 236-7555,2018-04-02 00:23:12
92,Bing,Comiskey,2004-12-20,,+55 (843) 651-4837,2019-06-05 07:42:20
93,Anderea,Belsham,1993-04-13,abelsham2k@marketwatch.com,+62 (424) 965-5564,2017-02-25 08:19:44
94,Clarice,Mallall,1994-11-30,cmallall2l@msn.com,+358 (204) 394-7654,2019-08-02 17:17:30
95,Dennie,,2003-02-14,dmildner2m@washingtonpost.com,+48 (293) 322-9963,2017-10-25 19:21:50
96,Sandy,Fasse,,sfasse2n@who.int,+355 (292) 322-9767,2015-04-06 03:48:49
97,Griselda,Stodhart,2000-05-03,gstodhart2o@icq.com,+48 (970) 809-1014,2021-06-07 09:36:34
98,Gianna,Northing,1990-06-21,gnorthing2p@vinaora.com,+420 (524) 960-3662,2015-08-28 21:37:24
99,Marna,,1999-11-24,mketteringham2q@jiathis.com,+93 (820) 731-8029,2017-12-02 21:49:08
100,Cinderella,Lahive,,clahive2r@dyndns.org,+56 (773) 426-6938,2016-07-06 17:11:16
101,Garrot,Jewsbury,,,+86 (955) 780-4334,2017-02-18 01:19:30
102,Broderick,Fishburn,1995-03-30,bfishburn2t@joomla.org,+351 (598) 163-8026,2020-06-20 09:51:17
103,Jozef,Skudder,1991-09-13,,+33 (621) 200-6594,2016-05-29 19:07:37
104,Adolph,Swatradge,1999-08-28,,+62 (386) 798-3480,2016-09-25 00:35:04
105,Nelle,Cassel,2002-03-14,ncassel2w@google.com.hk,+86 (384) 820-5116,2016-02-29 18:31:37
106,Lanna,Empringham,1997-07-28,lempringham2x@qq.com,+63 (184) 600-6275,2019-04-08 10:28:01
107,Price,Dohms,,pdohms2y@symantec.com,+351 (193) 324-5580,2016-05-13 08:57:39
108,Lori,Glastonbury,,lglastonbury2z@smh.com.au,+86 (929) 763-6864,2018-06-07 22:54:00
109,Keane,,,kgolton30@wix.com,+966 (282) 822-0731,2015-09-24 16:35:00
110,Hattie,Elderbrant,1995-03-23,,+351 (402) 106-8691,2020-02-01 17:37:39
111,Belinda,Jurries,,bjurries32@salon.com,+7 (253) 110-5032,2016-05-30 07:48:20
112,Tracee,Cicchillo,1991-12-08,tcicchillo33@prlog.org,+55 (206) 524-4839,2019-08-31 22:06:11
113,Evin,Spalls,1997-04-03,espalls34@t.co,+33 (243) 531-1824,2016-10-06 03:39:45
114,Angeli,Schout,2004-05-05,aschout35@google.pl,+62 (627) 840-8070,2018-12-29 17:42:21
115,Lethia,Burton,1991-11-10,lburton36@admin.ch,+7 (336) 596-7483,2016-10-31 18:52:13
116,Irina,Fussen,1993-11-06,ifussen37@over-blog.com,+86 (466) 824-7327,2018-12-22 13:02:00
117,Davidde,Bock,1994-06-28,dbock38@tumblr.com,+507 (921) 757-7504,2015-11-07 19:46:20
118,Brennen,Vasler,1996-01-24,,+86 (391) 847-2560,2017-12-11 08:04:27
119,Mikaela,Withringten,,mwithringten3a@skype.com,+48 (895) 211-1396,2021-04-19 23:47:00
120,Rollie,Banner,1994-03-15,rbanner3b@cbsnews.com,+98 (695) 583-9410,2015-08-12 12:12:36
121,Elena,,,earmitage3c@businesswire.com,+502 (864) 883-3632,2017-11-19 14:29:54
122,Andras,Bourthouloume,2000-05-10,abourthouloume3d@imageshack.us,+353 (623) 121-4244,2021-04-27 19:14:15
123,Caresse,Bampton,,cbampton3e@theglobeandmail.com,+51 (519) 531-0521,2020-07-28 01:37:36
124,Pembroke,Highton,1993-08-15,phighton3f@list-manage.com,+81 (395) 234-0072,2021-07-23 22:17:19
125,Cyrill,Boxhall,2000-06-03,cboxhall3g@java.com,+33 (427) 123-6984,2015-12-06 19:09:52
126,Peggy,Mordin,1994-08-03,pmordin3h@scientificamerican.com,+86 (279) 848-0380,2017-12-06 02:44:54
127,Paddie,Liversage,1992-05-16,pliversage3i@geocities.jp,+7 (276) 569-0801,2016-04-19 03:09:54
128,Jereme,Holborn,2004-12-09,jholborn3j@mit.edu,+46 (905) 698-3331,2019-05-30 17:37:19
129,Robenia,Kopacek,1995-09-17,,+1 (130) 522-3729,2021-02-26 07:54:30
130,Bethanne,Branno,2002-07-31,bbranno3l@nytimes.com,+30 (294) 753-1647,2019-10-28 13:44:08
131,Maxie,Pimlock,1990-07-19,mpimlock3m@multiply.com,+86 (406) 521-9807,2015-06-15 13:32:23
132,Crystal,Velde,1995-09-28,cvelde3n@google.fr,+372 (364) 844-8924,2019-06-02 05:00:51
133,Heidi,Vanelli,2002-01-20,,+86 (964) 435-6770,2015-05-11 19:08:51
134,Justinn,McMylor,1995-07-17,jmcmylor3p@parallels.com,+86 (450) 570-5716,2019-05-24 16:14:03
135,Stearne,,1991-10-26,,+55 (595) 592-1420,2015-06-04 16:03:32
136,Ellis,Bigglestone,1990-12-09,ebigglestone3r@wunderground.com,+33 (350) 957-2937,2018-12-11 15:15:17
137,Taylor,Beton,1995-08-06,tbeton3s@live.com,+54 (225) 257-8072,2021-08-05 04:59:47
138,Berget,,2004-05-25,bmcwilliams3t@mail.ru,+46 (804) 369-1100,2017-06-11 12:32:52
139,Gavra,Humberstone,1997-07-03,ghumberstone3u@wunderground.com,+84 (912) 605-4456,2016-03-08 18:00:49
140,Felicle,Cullingford,1993-09-08,fcullingford3v@ifeng.com,+234 (283) 557-5847,2019-05-13 02:28:00
141,Myrtice,,2001-04-03,mlarratt3w@quantcast.com,+66 (756) 627-9795,2018-10-10 17:37:29
142,Levon,Yarnell,,lyarnell3x@foxnews.com,+351 (227) 727-3233,2018-01-25 14:59:54
143,Norrie,,,nohoey3y@usgs.gov,+92 (248) 379-1750,2017-03-21 00:35:28
144,Claudianus,Culleton,,cculleton3z@tinypic.com,+86 (716) 975-4929,2017-04-18 17:54:32
145,Malissa,,1992-03-08,mkinkade40@sciencedaily.com,+62 (180) 918-9926,2019-08-01 11:25:41
146,Quinlan,Hackwell,2003-03-10,qhackwell41@webeden.co.uk,+86 (382) 463-9946,2018-09-19 11:06:23
147,Eugene,,,emandeville42@slate.com,+7 (703) 295-5811,2017-02-27 05:03:40
148,Kissee,Meiklem,2003-02-17,kmeiklem43@ask.com,+86 (678) 781-3979,2017-01-10 12:24:00
149,Brigit,Whittier,2002-09-01,bwhittier44@uol.com.br,+230 (406) 201-1329,2020-10-31 01:41:41
150,Madelon,,2003-06-01,mscuffham45@dmoz.org,+86 (602) 753-3003,2015-01-20 17:32:07
151,Cyndy,Evelyn,2001-02-14,,+36 (341) 710-0755,2016-01-14 01:01:52
152,Kathi,,,kmccleary47@purevolume.com,+86 (862) 268-3799,2015-04-11 05:51:32
153,Hashim,Hobbema,1990-05-17,hhobbema48@nytimes.com,+86 (993) 138-5621,2015-08-28 22:38:11
154,Illa,Aupol,1992-08-12,iaupol49@guardian.co.uk,+33 (875) 599-6670,2015-12-27 22:51:55
155,Tilly,,,tfourcade4a@goo.ne.jp,+231 (816) 841-1274,2021-01-14 21:21:39
156,Anne-marie,,1990-07-09,,+62 (106) 808-5560,2018-01-17 21:10:43
157,Perry,Ben,,pben4c@berkeley.edu,+62 (107) 324-8366,2018-04-23 17:36:00
158,Darryl,Tree,1992-09-29,dtree4d@amazon.co.jp,+62 (397) 366-6044,2017-10-06 13:07:28
159,Goldi,Shurlock,,gshurlock4e@indiegogo.com,+82 (630) 831-7068,2021-07-11 21:36:09
160,Carmencita,,1993-10-19,cdahle4f@arstechnica.com,+63 (942) 201-9270,2016-07-28 03:55:18
161,Devlen,Mc Caughen,2003-11-10,dmccaughen4g@drupal.org,+62 (314) 449-4908,2017-04-02 16:52:35
162,Antony,,1995-12-23,asomers4h@vkontakte.ru,+234 (311) 830-1041,2021-01-24 15:53:10
163,Dotty,Crossland,1998-06-27,dcrossland4i@epa.gov,+48 (355) 955-9225,2016-05-12 16:54:36
164,Bibbye,Kelston,1991-06-27,bkelston4j@sina.com.cn,+63 (105) 806-4704,2015-04-22 14:10:33
165,Jermaine,Giovannelli,1993-07-05,,+86 (600) 568-7342,2017-11-16 03:43:04
166,Marley,,,meke4l@wikipedia.org,+55 (747) 599-9694,2017-01-09 10:38:51
167,Abigail,,1991-09-25,ahelbeck4m@latimes.com,+66 (577) 108-3104,2015-08-14 10:07:15
168,Noak,Goretti,1990-02-27,ngoretti4n@msu.edu,+57 (633) 697-7923,2018-05-06 19:58:32
169,Byrann,,2000-07-14,bstein4o@state.tx.us,+62 (318) 560-8667,2018-04-10 07:30:34
170,Jessalyn,Ugoni,2000-04-30,jugoni4p@reverbnation.com,+992 (332) 177-2640,2021-04-05 07:31:18
171,Kip,De la Perrelle,,kdelaperrelle4q@disqus.com,+55 (210) 879-6155,2016-08-04 12:32:42
172,Armstrong,,1999-02-18,aoronan4r@craigslist.org,+993 (799) 557-6076,2021-05-02 20:56:59
173,Carma,,2000-06-11,chuyhton4s@pagesperso-orange.fr,+63 (780) 735-7575,2017-09-22 15:51:02
174,Rhoda,Dorricott,1994-05-21,rdorricott4t@tmall.com,+62 (576) 778-9581,2021-03-19 19:08:25
175,Viviana,Lofts,1991-10-26,vlofts4u@apple.com,+48 (422) 633-9825,2018-07-25 14:48:21
176,Glenna,Dudleston,,gdudleston4v@alibaba.com,+86 (133) 679-6498,2021-01-26 14:00:11
177,Vikki,Liepina,1994-05-05,vliepina4w@sourceforge.net,+86 (769) 287-6136,2018-11-03 00:24:20
178,Joana,Metcalfe,2000-08-29,jmetcalfe4x@wunderground.com,+63 (218) 630-3715,2018-02-11 06:50:36
179,Bertrando,Mulliner,1990-05-11,bmulliner4y@imgur.com,+7 (881) 229-5971,2015-02-20 06:49:16
180,Marylou,Hugland,,mhugland4z@shareasale.com,+48 (390) 794-8904,2019-06-12 17:24:53
181,Ashia,,,agredden50@hostgator.com,+46 (417) 166-4727,2018-06-17 02:06:31
182,Bevin,Nibley,,bnibley51@utexas.edu,+351 (280) 671-2252,2021-04-28 06:34:59
183,Connor,Struys,2001-11-02,cstruys52@bloglovin.com,+7 (698) 772-2463,2020-10-27 06:17:21
184,Webster,Alwen,1991-03-15,walwen53@economist.com,+54 (642) 732-8728,2015-07-06 02:58:30
185,Delphine,Duggen,2002-04-14,dduggen54@bigcartel.com,+264 (206) 642-6249,2020-11-13 08:11:25
186,Granville,,1997-01-09,,+45 (986) 635-5149,2015-03-22 06:58:49
187,Keefer,O'Hannay,1995-01-20,,+880 (784) 713-6398,2018-01-12 23:55:14
188,Iggie,Doorey,1990-07-03,idoorey57@unesco.org,+7 (192) 727-9540,2016-01-15 08:45:12
189,Gael,,1992-09-29,grawlin58@globo.com,+63 (245) 514-7116,2015-01-06 01:40:29
190,Brandy,Haken,,bhaken59@e-recht24.de,+86 (571) 840-7355,2015-12-26 02:19:14
191,Hali,Rispine,,hrispine5a@constantcontact.com,+86 (537) 297-4624,2016-04-15 23:57:03
192,Esther,Caro,1992-06-11,ecaro5b@nationalgeographic.com,+389 (643) 630-7990,2016-01-31 17:18:07
193,Wit,Bertomeu,1992-01-19,wbertomeu5c@sphinn.com,+62 (116) 505-6490,2018-04-14 08:49:52
194,Hilde,Funcheon,2001-09-04,,+55 (139) 285-0374,2017-10-20 19:42:33
195,Chauncey,Brafferton,1998-01-02,,+1 (620) 820-0105,2015-12-27 22:16:59
196,Carita,Botwright,1997-10-07,cbotwright5f@imdb.com,+46 (327) 279-0710,2017-10-22 20:24:43
197,Willi,Emloch,2001-06-15,wemloch5g@php.net,+86 (339) 315-5095,2016-07-29 10:54:11
198,Toddie,,2000-01-08,trobecon5h@twitpic.com,+7 (394) 448-2526,2016-07-18 06:53:42
199,Livia,Gaynes,1993-07-14,lgaynes5i@marriott.com,+33 (695) 785-6609,2019-12-07 00:07:03
200,Clywd,,2003-04-15,cconrad5j@ebay.com,+63 (270) 889-9303,2020-02-28 07:31:56
201,Lorie,,,lhughman5k@reverbnation.com,+62 (204) 256-2949,2016-05-15 16:39:40
202,Chevy,Kaliszewski,1997-12-24,ckaliszewski5l@biglobe.ne.jp,+48 (441) 129-9599,2019-04-14 16:05:37
203,Cass,Kenway,2000-03-06,ckenway5m@thetimes.co.uk,+62 (573) 441-8808,2016-11-21 14:26:06
204,Tibold,Fryett,2001-03-25,tfryett5n@who.int,+47 (177) 749-7202,2017-10-17 21:47:59
205,Eugine,Fearn,,efearn5o@psu.edu,+995 (217) 541-1434,2020-06-02 14:38:10
206,Gordie,Verillo,1991-11-26,gverillo5p@salon.com,+1 (651) 263-2918,2015-04-15 04:13:59
207,Kit,Dyzart,,,+351 (378) 756-6884,2018-01-31 04:05:42
208,Selby,Tassell,2000-10-31,,+992 (378) 143-2037,2018-02-27 10:49:22
209,Blondie,Berling,1993-07-30,bberling5s@php.net,+53 (374) 554-4194,2018-12-02 21:41:21
210,Lori,Nitto,,lnitto5t@zimbio.com,+63 (317) 484-8959,2018-05-31 21:50:10
211,Glendon,Fiddian,1999-11-02,gfiddian5u@npr.org,+351 (934) 336-0580,2019-09-12 01:28:43
212,Dacie,Calderbank,1999-11-20,dcalderbank5v@amazon.de,+62 (462) 255-4011,2016-01-07 03:46:18
213,Cicely,Inchley,,cinchley5w@a8.net,+86 (951) 270-3254,2020-12-20 13:30:27
214,Lethia,Gosart,1990-03-04,lgosart5x@ftc.gov,+48 (776) 619-4553,2016-11-19 16:54:39
215,Cos,McGraw,1991-08-17,cmcgraw5y@accuweather.com,+55 (537) 576-1055,2019-04-15 16:08:52
216,Darius,Keenan,2002-01-05,dkeenan5z@bizjournals.com,+265 (503) 558-6436,2017-04-19 15:57:20
217,Hurlee,Davydzenko,,hdavydzenko60@dell.com,+46 (339) 509-3671,2021-08-12 15:49:11
218,Janet,Snalham,1994-04-01,jsnalham61@springer.com,+502 (686) 199-1287,2016-06-11 09:28:22
219,Dody,Ottosen,,dottosen62@tinyurl.com,+963 (120) 650-7699,2016-03-20 08:43:53
220,Kamilah,Cess,2003-11-17,kcess63@tripadvisor.com,+960 (471) 358-9674,2018-04-30 09:00:40
221,Ira,,1993-02-25,irowaszkiewicz64@technorati.com,+64 (473) 266-9325,2017-11-14 09:32:10
222,Silvio,Bollom,2004-02-03,sbollom65@columbia.edu,+86 (171) 134-1912,2016-01-21 10:19:10
223,Burton,Giacubbo,1995-02-24,bgiacubbo66@noaa.gov,+27 (771) 223-4265,2017-08-12 02:53:01
224,Laurene,Gater,,lgater67@webeden.co.uk,+7 (908) 880-7454,2019-01-08 21:49:07
225,Virgie,Holberry,2003-01-02,,+62 (807) 600-1320,2016-09-19 06:04:30
226,Fin,,1992-06-15,fbrunn69@webmd.com,+7 (734) 708-4388,2017-09-05 04:55:02
227,Alanah,Tunnicliff,,atunnicliff6a@prnewswire.com,+263 (485) 159-9505,2020-06-07 23:15:57
228,Wilone,Le Huquet,2004-06-06,wlehuquet6b@icio.us,+1 (991) 353-3700,2016-01-25 09:55:15
229,Jacinthe,Godier,1999-05-21,,+86 (698) 942-0769,2017-02-06 12:00:37
230,Symon,Bloy,1990-02-08,sbloy6d@fda.gov,+86 (797) 680-9954,2019-04-09 21:48:17
231,Douglass,Doidge,1991-12-07,ddoidge6e@webmd.com,+502 (408) 354-1361,2021-07-24 10:10:09
232,Mead,,1994-01-20,mschanke6f@so-net.ne.jp,+227 (504) 919-4386,2019-10-06 06:53:28
233,Harrietta,Di Domenico,2000-11-15,hdidomenico6g@umich.edu,+234 (235) 833-1831,2015-04-25 01:55:30
234,Eldridge,Ucceli,1996-11-12,,+86 (166) 304-7247,2020-12-30 05:12:18
235,Connie,Mabe,1993-02-08,cmabe6i@spotify.com,+31 (238) 327-6223,2020-03-13 23:03:30
236,Ainslee,Venning,1993-07-30,avenning6j@ifeng.com,+86 (890) 108-2542,2019-02-19 21:46:38
237,Adina,O'Dulchonta,1994-01-21,aodulchonta6k@cbc.ca,+63 (803) 752-8102,2019-10-20 16:42:16
238,Rivalee,Landell,2004-12-17,rlandell6l@blog.com,+381 (261) 590-8094,2017-04-07 22:58:11
239,Fawn,Wycliff,1996-02-08,,+351 (581) 452-0338,2015-09-28 15:16:10
240,Allis,Peers,,apeers6n@alexa.com,+86 (301) 288-7270,2017-12-01 19:34:04
241,Cori,,1997-12-07,cilchuk6o@redcross.org,+220 (294) 616-5560,2018-06-09 14:50:23
242,Audrey,Edgeworth,1993-05-23,aedgeworth6p@baidu.com,+62 (485) 404-8154,2016-06-22 17:22:13
243,Frederik,Gear,1996-11-17,fgear6q@hugedomains.com,+420 (949) 676-3239,2019-03-07 20:07:54
244,L;urette,Riste,2003-12-10,lriste6r@weebly.com,+86 (363) 653-9802,2021-01-24 19:31:24
245,Jacquetta,Oldridge,2002-05-01,,+44 (640) 798-5958,2018-04-28 09:33:53
246,Whittaker,Petto,1998-03-23,wpetto6t@yahoo.co.jp,+66 (874) 832-0891,2015-06-07 10:47:02
247,Dorris,,,,+1 (772) 697-0728,2015-12-21 03:44:47
248,Levon,Sewards,1998-02-11,lsewards6v@cpanel.net,+420 (928) 637-1548,2018-06-06 04:19:31
249,Hale,,2000-08-26,hduggan6w@ning.com,+218 (494) 312-9415,2020-10-02 18:18:25
250,Harman,Brizland,2003-06-03,hbrizland6x@theglobeandmail.com,+86 (150) 152-6295,2016-06-25 02:08:14
251,Clevie,Cumine,,ccumine6y@salon.com,+54 (559) 736-4019,2019-02-22 17:13:59
252,Baily,,1992-02-02,,+48 (265) 430-0720,2015-07-18 09:22:23
253,Clyde,Renfield,,crenfield70@php.net,+86 (163) 448-0547,2016-03-20 05:06:39
254,Webb,,2002-11-13,wbarts71@fc2.com,+250 (897) 320-1920,2020-05-24 18:40:26
255,Joelie,,2002-09-17,jwhiteley72@imdb.com,+7 (592) 549-6999,2021-02-27 16:36:13
256,Berny,Ramey,1995-02-16,bramey73@howstuffworks.com,+27 (899) 540-6518,2015-03-24 23:29:28
257,Beverly,Bartoszewski,1992-09-14,bbartoszewski74@geocities.jp,+62 (446) 734-5075,2018-01-11 20:25:17
258,Wilmette,Fike,2004-01-26,wfike75@cisco.com,+374 (296) 934-9891,2015-09-28 01:11:20
259,Wini,Vaughan,1996-07-23,wvaughan76@salon.com,+46 (171) 123-7505,2016-06-21 12:09:11
260,Gibby,,,gbingham77@economist.com,+420 (725) 885-5991,2021-04-09 12:38:58
261,Adah,,1994-01-05,apluck78@tripadvisor.com,+62 (691) 745-2864,2017-11-18 21:28:49
262,Dorothee,,1996-01-07,djeandon79@kickstarter.com,+46 (945) 481-4438,2015-12-20 16:07:45
263,Goldy,Twiddle,1996-10-02,gtwiddle7a@surveymonkey.com,+57 (689) 968-3017,2021-07-15 19:26:21
264,Cecelia,Bourne,,cbourne7b@apple.com,+973 (439) 220-9769,2017-03-05 21:46:38
265,Nada,Iredale,2004-09-24,,+62 (226) 657-3536,2015-08-18 06:52:23
266,Stephi,,2004-08-24,sgayter7d@indiegogo.com,+212 (407) 113-4148,2017-09-26 11:05:29
267,Dannie,Hue,1997-11-28,dhue7e@webeden.co.uk,+355 (792) 238-6477,2019-05-29 06:53:58
268,Evania,Shermar,,eshermar7f@rakuten.co.jp,+86 (185) 366-1436,2020-12-16 02:56:32
269,Keslie,Skipton,,,+86 (821) 718-5585,2018-05-29 21:27:01
270,Quintus,Suche,,qsuche7h@adobe.com,+63 (937) 136-8821,2021-08-21 19:22:55
271,Janis,,1991-07-08,jbuggs7i@chronoengine.com,+595 (551) 609-4870,2016-05-16 04:40:30
272,David,Bullin,1996-08-13,dbullin7j@theatlantic.com,+7 (744) 315-7888,2017-12-06 22:52:31
273,Isa,Auden,1993-07-23,iauden7k@ycombinator.com,+62 (169) 781-1264,2018-12-09 15:29:30
274,Tyrus,,1992-12-09,tboskell7l@nytimes.com,+86 (109) 719-5638,2017-08-10 17:00:09
275,Jordan,,1999-10-18,jobington7m@amazon.co.jp,+46 (702) 903-9709,2018-09-16 04:02:15
276,Berton,,1991-04-07,bdiggles7n@dropbox.com,+86 (708) 863-5136,2017-07-31 23:17:47
277,Raimundo,,,rtomaszek7o@csmonitor.com,+51 (594) 510-4331,2017-10-09 10:41:54
278,Bennie,Dyshart,,bdyshart7p@bing.com,+970 (345) 683-0025,2017-12-25 22:57:41
279,Liza,,,lgrishmanov7q@huffingtonpost.com,+977 (398) 569-8273,2017-01-20 15:41:45
280,Harwell,Oag,1994-06-16,hoag7r@blogs.com,+52 (922) 518-3855,2020-05-01 20:55:03
281,Dar,Tomashov,1996-03-13,dtomashov7s@sfgate.com,+7 (485) 961-1499,2020-02-12 18:59:03
282,Andee,Daulby,1995-01-24,adaulby7t@miibeian.gov.cn,+62 (472) 513-4210,2019-11-30 21:14:19
283,Myrtie,Farn,1997-08-06,mfarn7u@tripod.com,+93 (629) 250-1950,2020-10-30 03:24:43
284,Cesare,Bothwell,1996-04-25,,+86 (545) 952-8664,2016-01-14 23:32:34
285,Donall,,2004-12-28,,+7 (432) 915-7596,2015-01-23 09:12:22
286,Ailsun,Fenck,,,+7 (212) 469-1691,2016-09-06 10:06:14
287,Colman,Harston,,charston7y@linkedin.com,+86 (749) 129-1543,2018-12-25 08:53:47
288,Drusilla,Shakesby,1993-08-17,dshakesby7z@themeforest.net,+55 (127) 191-7928,2016-08-14 15:06:14
289,Ichabod,,1990-02-14,ibutton80@mac.com,+51 (402) 784-1798,2017-12-21 18:47:17
290,Luisa,Edmonson,1993-12-30,ledmonson81@xinhuanet.com,+977 (944) 252-4444,2021-02-08 04:34:31
291,Federico,MacAlister,1997-05-03,fmacalister82@vinaora.com,+48 (997) 987-6354,2019-08-03 00:04:59
292,Harmonie,Auty,2000-10-24,hauty83@google.fr,+235 (361) 347-1374,2021-02-07 21:30:27
293,Athene,Whysall,,awhysall84@china.com.cn,+82 (530) 542-8743,2017-03-20 20:32:01
294,Barnaby,Klamp,1990-03-24,bklamp85@netvibes.com,+48 (828) 258-4002,2021-04-26 18:48:33
295,Ulla,Reddie,1990-12-09,ureddie86@wix.com,+7 (691) 867-0553,2017-09-08 04:34:18
296,Bil,Compfort,,bcompfort87@wunderground.com,+359 (985) 675-7877,2017-11-27 20:32:23
297,Florette,Cluet,,fcluet88@aboutads.info,+53 (154) 988-1755,2020-03-29 01:47:41
298,Knox,,2001-09-04,kgrumbridge89@wisc.edu,+351 (696) 640-1798,2015-01-31 09:28:45
299,Aldo,,,agarrique8a@addthis.com,+383 (922) 115-0188,2017-06-10 15:27:48
300,Sile,Dossettor,,sdossettor8b@ifeng.com,+55 (763) 149-7706,2017-10-25 21:09:57
301,Filberto,Garnall,,,+55 (334) 285-6503,2017-08-23 09:01:47
302,Rosie,,1997-01-04,rtessington8d@live.com,+351 (963) 235-4647,2018-12-25 17:16:51
303,Jodi,,2000-05-18,jgregoli8e@creativecommons.org,+46 (678) 897-2119,2018-04-23 14:29:19
304,Madonna,Boniface,,mboniface8f@dyndns.org,+62 (310) 416-9328,2018-02-13 08:30:24
305,Maia,Helleker,1997-12-21,mhelleker8g@hp.com,+7 (312) 839-8366,2017-08-13 13:45:27
306,Lexie,Peerless,1991-06-05,lpeerless8h@marriott.com,+7 (650) 390-7471,2021-01-04 02:53:54
307,Evangeline,Metschke,1993-01-27,emetschke8i@comcast.net,+7 (475) 788-9835,2020-06-06 13:40:44
308,Dick,Alpe,1994-03-17,dalpe8j@sogou.com,+7 (981) 112-9261,2020-06-04 22:33:07
309,Giuseppe,Barlee,1997-07-15,gbarlee8k@yandex.ru,+7 (769) 574-2220,2020-02-26 14:00:54
310,Demott,,1991-06-16,dpear8l@technorati.com,+86 (943) 117-5003,2019-07-21 08:55:59
311,Danila,Fassman,1997-06-01,,+387 (516) 980-7118,2017-12-16 03:11:16
312,Alexina,Ainscough,2003-06-20,aainscough8n@yolasite.com,+53 (490) 886-2023,2020-12-19 11:30:51
313,Trey,Goch,1997-06-04,tgoch8o@domainmarket.com,+54 (293) 429-8178,2020-04-05 03:07:40
314,Horatia,Perutto,2001-12-01,,+82 (291) 675-8503,2021-03-29 09:06:21
315,George,Neighbour,1992-03-09,gneighbour8q@sun.com,+93 (835) 785-1613,2015-07-29 19:06:03
316,Estrella,Bachshell,,ebachshell8r@cbsnews.com,+33 (588) 217-2722,2019-05-10 11:11:15
317,Eberto,Studdert,1994-01-28,estuddert8s@1und1.de,+86 (954) 756-4394,2018-04-27 23:31:46
318,Dot,Rablin,2002-06-06,drablin8t@scientificamerican.com,+353 (480) 118-4117,2019-08-08 10:05:30
319,Sylvia,Walwood,1994-08-31,swalwood8u@shutterfly.com,+86 (508) 737-2283,2019-05-07 03:27:56
320,Melisa,,1996-08-30,mkane8v@berkeley.edu,+670 (947) 189-1592,2021-06-08 13:41:58
321,Gaspar,Simkin,1990-04-02,gsimkin8w@answers.com,+86 (888) 306-5889,2018-07-11 19:18:58
322,Berkly,Fost,2002-11-15,bfost8x@storify.com,+7 (839) 686-6719,2020-02-20 16:59:17
323,Mariquilla,Fenn,,mfenn8y@wired.com,+30 (846) 350-2677,2019-11-27 10:21:32
324,Dominic,Kiddell,1996-11-24,dkiddell8z@chicagotribune.com,+86 (748) 762-8220,2018-02-16 05:16:18
325,Issi,Gloves,,igloves90@cpanel.net,+62 (306) 388-7165,2016-05-11 04:58:39
326,Allister,Siggery,2003-08-29,asiggery91@wufoo.com,+507 (102) 778-0274,2015-08-23 23:23:14
327,Ignace,Billam,1996-12-25,ibillam92@amazonaws.com,+62 (443) 661-4482,2018-10-26 02:01:11
328,Ricki,Paskin,1997-12-09,rpaskin93@youku.com,+7 (680) 470-4233,2020-02-15 23:43:52
329,Addy,Aguilar,1993-11-01,aaguilar94@vkontakte.ru,+84 (824) 283-1320,2021-02-22 23:15:57
330,Catharina,Nurcombe,,cnurcombe95@moonfruit.com,+351 (637) 458-6889,2018-06-28 22:53:03
331,Bartlet,,2003-03-30,bantonetti96@quantcast.com,+351 (476) 547-1289,2020-02-20 20:48:00
332,Ina,,1994-07-13,iletchford97@msn.com,+7 (526) 825-2463,2017-01-02 06:22:56
333,Juliette,Everix,2002-12-21,jeverix98@dion.ne.jp,+86 (656) 125-5974,2020-06-11 14:46:09
334,Adelbert,Scocroft,,ascocroft99@businessweek.com,+242 (391) 136-1598,2015-04-02 02:20:03
335,Kizzee,Purviss,,,+234 (797) 169-2336,2017-01-01 22:25:09
336,Paige,Pogson,2003-01-27,ppogson9b@yandex.ru,+86 (164) 432-6777,2017-09-16 00:00:31
337,Shelton,Fazakerley,1991-07-11,sfazakerley9c@cnbc.com,+48 (336) 374-7728,2016-12-10 21:49:05
338,Abbe,Scudder,1993-06-16,ascudder9d@ox.ac.uk,+1 (214) 863-8776,2016-09-15 07:34:30
339,Rozalie,,1992-12-22,rclutten9e@deviantart.com,+967 (999) 254-2785,2020-04-13 06:05:47
340,El,,1990-01-11,eartrick9f@xrea.com,+62 (947) 546-3355,2016-01-24 01:34:54
341,Hilary,Weed,1999-03-02,hweed9g@t.co,+81 (333) 522-2803,2021-01-03 21:51:28
342,Etheline,Fergie,1993-04-15,efergie9h@spotify.com,+62 (402) 840-2409,2018-12-06 09:29:20
343,Delmore,Menpes,1990-01-20,dmenpes9i@joomla.org,+262 (910) 284-4458,2015-05-07 12:01:25
344,Betta,Mazzeo,2004-01-11,bmazzeo9j@domainmarket.com,+234 (617) 850-5837,2015-09-15 07:06:48
345,Thurston,Scneider,1994-09-06,tscneider9k@google.co.jp,+995 (170) 134-2115,2018-07-03 01:18:47
346,Lucy,Duchateau,2003-01-01,lduchateau9l@mediafire.com,+86 (894) 573-9018,2017-09-08 10:23:11
347,Isabelle,Dracey,2001-04-18,,+62 (411) 351-5798,2015-05-27 19:22:04
348,Bobbe,O'Bradane,,bobradane9n@linkedin.com,+48 (859) 637-7494,2019-08-07 07:12:31
349,Davide,Eddow,,deddow9o@oracle.com,+93 (585) 310-9149,2021-02-24 05:27:19
350,Christiano,Autie,1996-06-18,cautie9p@gmpg.org,+967 (359) 701-0575,2015-09-27 15:31:32
351,Fredericka,Richard,1990-01-18,frichard9q@ebay.com,+351 (239) 332-6958,2015-05-25 17:13:11
352,Drake,,1998-10-19,,+62 (134) 132-4324,2017-11-22 20:54:13
353,Alair,Castana,,acastana9s@elpais.com,+86 (278) 721-0634,2016-12-02 03:33:39
354,Odette,Tenby,1999-08-17,,+86 (465) 765-2719,2017-06-27 15:36:03
355,Bonny,Stiling,1995-05-16,bstiling9u@tuttocitta.it,+62 (601) 297-0231,2016-09-19 16:52:56
356,Drusi,Hector,,dhector9v@comcast.net,+351 (308) 627-2254,2015-03-22 11:09:26
357,Ramsey,Goodere,2003-12-20,rgoodere9w@technorati.com,+86 (842) 648-3874,2020-10-03 03:05:22
358,Halsey,Drezzer,,hdrezzer9x@google.cn,+86 (862) 836-0955,2021-08-11 03:36:45
359,Danny,Cossom,2003-11-19,dcossom9y@jiathis.com,+30 (292) 115-6953,2017-09-04 03:49:11
360,Calypso,Ruzek,2002-02-08,cruzek9z@pinterest.com,+1 (478) 265-0854,2018-01-18 18:59:13
361,Max,McIlwreath,2003-11-03,mmcilwreatha0@telegraph.co.uk,+234 (424) 729-7716,2016-03-24 22:29:12
362,Kendell,Cawdell,2002-11-29,kcawdella1@domainmarket.com,+86 (836) 810-3368,2018-12-27 08:49:28
363,Marylee,Mc Curlye,,mmccurlyea2@umn.edu,+7 (916) 501-8973,2018-01-02 23:23:39
364,Maxi,Lethebridge,1995-01-31,mlethebridgea3@pcworld.com,+386 (630) 758-5916,2016-05-06 04:34:44
365,Elmo,Frears,1999-04-28,efrearsa4@cloudflare.com,+51 (635) 983-9292,2020-06-26 09:55:41
366,Ashil,,,,+212 (834) 521-3729,2016-03-20 18:54:29
367,Johann,Matuskiewicz,2002-05-04,jmatuskiewicza6@bloglovin.com,+256 (850) 386-5990,2017-03-28 13:51:56
368,Pru,,,pgrigsona7@wsj.com,+86 (224) 208-3551,2015-08-19 13:11:16
369,Electra,Brachell,1999-11-19,ebrachella8@hugedomains.com,+598 (237) 387-0405,2019-05-16 18:17:13
370,Gerrie,,1996-03-15,glabela9@wufoo.com,+505 (433) 646-1964,2018-07-25 20:58:07
371,Charlean,Robelow,2002-09-15,crobelowaa@redcross.org,+86 (671) 652-8356,2018-09-12 08:48:07
372,Augustus,Romayne,1999-02-06,aromayneab@house.gov,+506 (634) 880-3588,2015-09-04 22:56:07
373,Krystalle,Bordessa,1995-08-25,kbordessaac@chicagotribune.com,+33 (872) 911-8936,2018-05-22 02:19:51
374,Calvin,Pepineaux,2001-09-25,cpepineauxad@smugmug.com,+1 (866) 199-1174,2018-02-08 12:07:22
375,Aurelea,Drury,,adruryae@opensource.org,+351 (424) 948-2045,2020-06-02 10:42:47
376,Damien,Vasilenko,2000-05-03,dvasilenkoaf@jugem.jp,+55 (335) 520-7747,2020-04-14 11:42:39
377,Dennison,Meriton,1992-07-31,dmeritonag@youku.com,+252 (190) 552-2790,2016-10-16 07:21:05
378,Hadrian,Dodsworth,1993-10-01,hdodsworthah@home.pl,+47 (127) 700-6084,2018-04-02 14:20:12
379,Chelsey,Killock,2002-06-14,ckillockai@java.com,+7 (218) 898-7503,2021-06-25 01:49:28
380,Thorn,Lupson,,tlupsonaj@nba.com,+63 (709) 522-1984,2018-11-10 19:36:52
381,Eleni,,,ehurlak@google.com,+86 (581) 235-1071,2018-12-31 23:32:35
382,Eartha,Klisch,1999-05-13,eklischal@canalblog.com,+98 (452) 412-4347,2015-01-26 20:03:02
383,Fremont,McEwen,1990-06-15,fmcewenam@e-recht24.de,+86 (847) 374-9874,2017-07-21 03:37:45
384,Adelina,,2000-10-07,,+970 (841) 734-9736,2021-01-07 17:41:47
385,Dante,Sabie,1990-08-13,dsabieao@hao123.com,+355 (981) 410-5980,2019-02-08 11:30:14
386,Reidar,Baulcombe,2000-08-22,rbaulcombeap@ebay.co.uk,+353 (333) 187-5684,2021-02-05 10:53:00
387,Bess,Muat,,bmuataq@diigo.com,+55 (456) 757-1244,2016-07-15 23:14:12
388,Son,Castenda,2004-07-08,scastendaar@51.la,+591 (133) 522-0501,2015-03-14 03:33:00
389,Amelita,Luisetti,1992-03-12,aluisettias@nasa.gov,+54 (833) 440-9274,2019-08-28 16:30:25
390,Yevette,,,yobertat@techcrunch.com,+62 (105) 667-8142,2016-02-23 01:38:37
391,Philippa,,2000-03-08,pstuehmeyerau@java.com,+82 (442) 311-4432,2015-12-04 18:13:45
392,Cassey,Canfield,2004-03-25,ccanfieldav@slashdot.org,+355 (145) 795-6598,2020-08-31 20:36:47
393,Jase,Philipps,2003-08-10,jphilippsaw@posterous.com,+63 (765) 952-0232,2018-12-20 09:55:11
394,Eliot,Grafham,2004-06-10,egrafhamax@reuters.com,+55 (405) 511-2940,2018-08-02 21:56:59
395,Bradan,,2001-02-24,bbarraray@usgs.gov,+62 (165) 796-9704,2018-12-08 07:54:55
396,Burtie,Maypes,,bmaypesaz@bizjournals.com,+60 (632) 936-0350,2018-02-05 03:16:26
397,Bartholomew,Veitch,1999-10-10,bveitchb0@delicious.com,+86 (870) 700-8660,2017-01-09 09:58:27
398,Ola,,2002-10-25,oeddinsb1@patch.com,+7 (795) 330-4582,2019-08-14 20:15:20
399,Ashely,Haville,,ahavilleb2@sohu.com,+86 (322) 319-1037,2021-08-22 23:34:22
400,Hannah,Barnsley,1998-08-07,hbarnsleyb3@people.com.cn,+48 (325) 372-7723,2015-03-10 17:38:47
401,Bo,Scobbie,1998-03-13,bscobbieb4@github.io,+86 (382) 500-8740,2019-07-17 03:31:47
402,Kiah,Iacovaccio,1992-03-15,,+46 (105) 511-5779,2016-08-12 13:06:55
403,Eleanor,,,elestorb6@intel.com,+81 (226) 376-5242,2017-06-17 11:05:40
404,Evvie,Creech,1991-05-22,ecreechb7@domainmarket.com,+351 (655) 599-4052,2018-02-10 19:06:31
405,Tisha,Stallybrass,2003-11-09,tstallybrassb8@cdbaby.com,+48 (177) 448-1165,2017-10-09 21:56:23
406,Glendon,Courteney,1990-04-09,gcourteneyb9@oaic.gov.au,+358 (132) 199-9205,2020-11-23 07:22:30
407,Mollee,Vittel,,,+86 (424) 468-7677,2016-03-26 03:13:22
408,Omero,Stoggles,,ostogglesbb@mlb.com,+263 (918) 374-4146,2015-12-21 02:14:15
409,Udall,Sapsed,1995-01-12,,+1 (517) 487-8443,2015-08-13 04:34:21
410,Myra,Hyder,2003-09-18,mhyderbd@so-net.ne.jp,+420 (253) 187-0413,2020-11-10 20:37:01
411,Sioux,,,speepallbe@github.io,+81 (329) 173-1031,2016-06-18 06:09:29
412,Quillan,Oseland,1990-02-16,,+81 (591) 591-5725,2016-11-12 01:43:25
413,Marcelo,,2003-09-12,mostickbg@zimbio.com,+86 (160) 799-0030,2020-07-05 20:02:09
414,Cicily,Lacroutz,,clacroutzbh@istockphoto.com,+86 (104) 731-4921,2019-01-21 08:43:13
415,Early,,,,+60 (479) 129-8477,2019-07-08 14:22:53
416,Dwight,Benedit,,dbeneditbj@deviantart.com,+1 (626) 820-1808,2018-08-21 06:11:15
417,Clemmie,Forth,,cforthbk@wikipedia.org,+255 (566) 930-3254,2016-05-27 18:08:29
418,Kaile,Brenton,,kbrentonbl@tuttocitta.it,+86 (572) 810-6869,2017-10-20 19:23:39
419,Merle,Rapson,,,+63 (816) 699-7055,2015-10-19 02:06:45
420,Abigail,Jeannel,2001-09-21,,+86 (836) 203-3118,2017-07-17 04:50:54
421,Flory,Dict,,,+46 (778) 517-6741,2021-08-11 14:14:05
422,Brook,Robinett,,brobinettbp@dion.ne.jp,+33 (671) 894-8926,2019-05-27 16:31:18
423,Amata,O' Kelleher,,aokelleherbq@xrea.com,+380 (193) 774-6738,2018-05-26 10:53:20
424,Sigismond,,1997-12-29,stitmussbr@theglobeandmail.com,+51 (955) 395-6340,2021-02-05 10:13:00
425,Dov,Sivill,,dsivillbs@clickbank.net,+86 (464) 690-6395,2019-05-20 19:10:13
426,Gussy,Britch,,,+86 (455) 970-4609,2019-03-29 20:46:13
427,Abbey,Golsthorp,1992-12-30,,+62 (428) 253-0559,2019-04-27 01:57:14
428,Corrinne,Schimann,2004-02-20,cschimannbv@google.cn,+86 (276) 143-4888,2018-06-29 14:52:03
429,Janeva,Kobpa,2000-01-11,jkobpabw@mtv.com,+57 (855) 894-6884,2019-02-15 15:20:39
430,Danna,Giamelli,,dgiamellibx@ucsd.edu,+27 (198) 209-4571,2017-12-21 00:06:36
431,Taite,Copsey,1993-04-17,tcopseyby@businessweek.com,+63 (535) 914-2297,2019-05-10 21:11:16
432,Sander,,,,+380 (571) 107-7711,2021-05-15 10:17:04
433,Marie-jeanne,Bear,1994-01-11,mbearc0@soup.io,+86 (801) 582-6584,2017-06-29 23:48:09
434,Moishe,Roust,,mroustc1@prnewswire.com,+66 (469) 493-7597,2017-11-15 23:39:37
435,Rabbi,Salmoni,2003-09-30,rsalmonic2@umich.edu,+7 (315) 230-4738,2017-09-09 16:41:54
436,Andreana,Robertson,1990-06-02,,+1 (843) 694-7530,2015-10-22 03:32:41
437,Barrett,Connew,1996-05-10,bconnewc4@auda.org.au,+976 (641) 719-2112,2015-07-27 20:33:41
438,Philippe,,2000-11-01,pdormonc5@so-net.ne.jp,+57 (805) 931-5234,2018-04-29 20:46:50
439,Candi,Du Barry,1999-01-20,,+55 (656) 287-5611,2017-06-21 07:51:47
440,Alyss,Gonzalo,,agonzaloc7@telegraph.co.uk,+86 (956) 629-8309,2018-08-20 03:57:22
441,Merrie,Brompton,1993-06-20,mbromptonc8@goo.ne.jp,+977 (626) 250-3920,2019-08-02 07:00:09
442,Andy,Dabell,2002-09-25,adabellc9@mtv.com,+86 (654) 128-6841,2020-07-16 04:03:38
443,Glad,Prangnell,2001-09-05,gprangnellca@wunderground.com,+351 (479) 886-6242,2019-01-02 15:28:45
444,Rosaleen,,2002-09-08,raringtoncb@joomla.org,+970 (861) 485-3320,2020-08-12 01:57:53
445,Florinda,,1991-02-01,fmillthorpecc@delicious.com,+242 (806) 374-8501,2017-12-03 04:50:25
446,Vanessa,,1996-12-09,vmurthwaitecd@theatlantic.com,+33 (524) 519-0287,2020-11-23 12:58:59
447,Sabina,Lomb,1990-10-31,,+62 (746) 928-2316,2017-04-18 08:12:35
448,Frants,Older,2001-11-04,foldercf@irs.gov,+227 (948) 711-2473,2015-10-05 16:50:50
449,Scarlett,Chappelow,,schappelowcg@imgur.com,+62 (407) 292-7170,2017-05-20 12:02:41
450,Arnie,,,,+62 (277) 190-6140,2018-01-10 02:36:11
451,Boy,Danser,1990-06-27,bdanserci@dropbox.com,+93 (260) 627-1784,2021-07-31 13:29:46
452,Fulton,Shortland,1991-12-21,fshortlandcj@imgur.com,+994 (635) 349-3344,2017-01-24 04:09:14
453,Lucky,Gostling,1996-04-04,lgostlingck@reference.com,+7 (386) 245-1750,2020-04-19 00:56:20
454,Claudius,Palser,1994-05-18,cpalsercl@wordpress.com,+86 (594) 127-6682,2021-05-29 09:54:24
455,Reuben,Paffitt,,rpaffittcm@un.org,+351 (204) 533-0712,2017-06-23 11:49:48
456,Lani,,2001-10-14,lmaccrachencn@lycos.com,+64 (610) 351-5065,2019-10-30 03:43:20
457,Morten,Cornthwaite,,mcornthwaiteco@twitpic.com,+52 (468) 270-7404,2015-12-03 16:31:43
458,Abbye,Culpan,2003-07-31,aculpancp@addtoany.com,+48 (639) 432-8253,2018-04-24 19:03:46
459,Merralee,Whittenbury,1997-06-01,mwhittenburycq@youku.com,+62 (170) 580-2184,2021-05-05 23:40:20
460,Becki,Roze,1993-07-13,brozecr@apache.org,+1 (325) 771-9185,2016-05-16 09:09:24
461,Gerrie,Simmank,1994-11-28,gsimmankcs@pbs.org,+380 (856) 912-9185,2015-12-08 21:03:29
462,Nikki,Moodie,1992-11-23,nmoodiect@washington.edu,+57 (401) 124-0958,2021-02-06 08:54:47
463,Moselle,Savary,,msavarycu@wp.com,+60 (742) 645-1095,2019-06-18 21:06:16
464,Frederic,Weich,2003-09-24,fweichcv@moonfruit.com,+1 (985) 852-7545,2018-06-12 11:52:25
465,Tomi,McKeeman,,tmckeemancw@bluehost.com,+260 (836) 854-5847,2016-05-23 23:04:17
466,Maris,Dennidge,1993-04-23,,+372 (260) 699-0882,2020-05-06 00:31:46
467,Nealy,Simcoe,1993-06-13,nsimcoecy@businesswire.com,+57 (412) 338-4690,2018-10-20 09:26:10
468,Brinn,Wallace,1993-04-03,bwallacecz@princeton.edu,+55 (390) 915-2011,2015-05-25 05:06:47
469,Ike,Row,1999-04-14,,+86 (565) 213-5259,2020-09-01 01:40:07
470,Georg,Mosby,,,+880 (539) 372-3380,2018-11-15 03:06:12
471,Rosalinde,Dragoe,,rdragoed2@paypal.com,+57 (854) 418-4200,2020-01-19 17:30:41
472,Coralie,Hess,,,+502 (180) 880-9908,2015-06-04 13:55:42
473,Yolanthe,Bretelle,1991-09-24,ybretelled4@archive.org,+1 (971) 205-3850,2021-02-20 19:39:50
474,Tadio,Nelhams,1995-09-07,tnelhamsd5@free.fr,+31 (377) 764-3668,2020-04-09 07:53:12
475,Mignon,Knowler,2003-10-31,mknowlerd6@answers.com,+351 (394) 104-6237,2018-05-03 11:43:43
476,Marley,,1993-01-30,,+86 (370) 881-1572,2020-09-03 19:44:49
477,Delora,,,dlippattd8@umich.edu,+66 (930) 996-4517,2017-12-10 09:34:39
478,Sheffy,Alexsandrev,1993-07-31,salexsandrevd9@paginegialle.it,+86 (414) 104-9692,2019-01-07 14:07:08
479,Ryun,Coopman,2002-12-24,,+47 (273) 805-4955,2015-04-01 21:34:15
480,Carlie,Dudeney,,cdudeneydb@smh.com.au,+595 (410) 708-1649,2015-07-03 02:47:22
481,Wang,Stadden,2003-11-20,wstaddendc@clickbank.net,+30 (816) 993-0481,2021-03-16 03:27:47
482,Harlan,Fruchter,2003-02-10,hfruchterdd@elegantthemes.com,+52 (555) 759-4462,2019-01-15 21:25:56
483,Robinet,,1993-08-08,rgothupde@smugmug.com,+380 (113) 183-0477,2016-09-12 00:23:11
484,Jolie,Tilling,1994-02-10,jtillingdf@deliciousdays.com,+359 (633) 552-8897,2016-05-02 11:07:47
485,Tobe,,2000-02-25,tklimkedg@facebook.com,+507 (855) 724-9213,2019-06-12 17:14:22
486,Clarke,,2003-11-01,ckimblydh@issuu.com,+33 (729) 777-1175,2020-08-13 03:13:30
487,Gwyn,Copplestone,2002-02-27,gcopplestonedi@plala.or.jp,+86 (358) 756-0688,2017-11-12 03:59:38
488,Grannie,,,gphilippsohndj@comsenz.com,+86 (759) 916-9391,2018-10-01 22:03:43
489,Gawen,Bergstrand,1999-11-08,gbergstranddk@tinyurl.com,+386 (433) 143-2829,2021-05-07 02:04:06
490,Gretal,Bosse,1995-07-15,gbossedl@twitter.com,+378 (331) 778-4738,2015-10-04 09:22:24
491,Filip,Ghidoni,1991-06-29,fghidonidm@mozilla.org,+55 (859) 464-4604,2017-12-24 01:41:22
492,Huntington,Colebeck,2002-08-30,,+48 (849) 275-8212,2021-03-22 06:17:43
493,Nance,Hofer,1996-03-06,nhoferdo@jimdo.com,+351 (359) 357-7663,2018-10-31 23:57:47
494,Aurore,,1992-10-28,asinncockdp@microsoft.com,+30 (784) 625-5020,2015-01-29 02:49:09
495,Tremayne,Gogie,1998-08-31,tgogiedq@ebay.co.uk,+86 (680) 364-2991,2020-06-13 11:10:50
496,Dosi,Baignard,1997-11-21,,+504 (989) 964-4672,2016-11-09 10:15:23
497,Trixie,Vigar,,tvigards@tinyurl.com,+81 (395) 799-2852,2015-05-15 10:59:09
498,Coop,Antrum,,cantrumdt@yahoo.com,+7 (739) 648-5761,2019-06-08 23:31:04
499,Saunderson,Swindles,1994-02-05,sswindlesdu@51.la,+56 (918) 316-3386,2017-10-17 12:38:55
500,Karlan,Tellett,1996-01-07,ktellettdv@fastcompany.com,+260 (608) 258-3003,2020-03-22 21:31:51
501,Shaine,Laughnan,1998-10-04,slaughnandw@ca.gov,+62 (294) 905-9648,2018-05-10 22:42:27
502,Barbette,Mueller,1994-11-25,bmuellerdx@sbwire.com,+86 (934) 967-6696,2017-06-27 18:08:56
503,Ezequiel,,2001-08-01,eadenetdy@yahoo.co.jp,+420 (143) 737-6776,2020-02-22 14:42:48
504,Karyl,Greer,,,+86 (422) 412-2069,2019-09-22 18:02:35
505,Chrisy,Szanto,2001-08-04,cszantoe0@diigo.com,+92 (397) 729-4962,2018-06-01 15:53:07
506,Riordan,Stollenwerck,2002-12-08,,+977 (197) 137-5658,2019-05-30 00:45:57
507,Patience,Muirhead,1994-07-28,,+86 (125) 301-8869,2016-01-13 22:38:59
508,Dru,Fone,,dfonee3@ucsd.edu,+86 (621) 602-7132,2016-06-02 18:14:07
509,Brandtr,Mumbeson,2001-03-05,,+994 (817) 876-5913,2015-09-07 23:12:00
510,Kelvin,Hatt,1999-05-19,khatte5@ustream.tv,+62 (659) 743-1955,2018-07-16 00:55:55
511,Timothy,Kelby,2000-02-29,tkelbye6@washingtonpost.com,+31 (494) 784-5301,2017-08-23 00:18:21
512,Corey,Fronzek,2000-03-25,cfronzeke7@senate.gov,+221 (561) 617-7675,2019-06-24 14:59:56
513,Mari,,1999-07-07,mkellere8@sun.com,+62 (694) 773-7342,2015-04-04 19:41:58
514,Liuka,,1996-07-31,llutzmanne9@e-recht24.de,+1 (813) 805-4793,2018-01-01 22:02:12
515,Melany,Sandbatch,,msandbatchea@salon.com,+86 (148) 327-1543,2019-07-31 06:01:33
516,Rubi,,2001-07-08,rhabineb@bandcamp.com,+86 (643) 474-7340,2016-03-25 18:09:21
517,Jessika,Horley,1996-01-10,jhorleyec@illinois.edu,+86 (750) 873-7815,2017-02-16 01:27:49
518,Rene,Tarbin,1995-10-22,rtarbined@typepad.com,+504 (456) 419-9736,2020-05-28 19:56:07
519,Lissa,Simoneau,,lsimoneauee@dyndns.org,+86 (493) 669-9487,2016-05-28 04:15:32
520,Miles,Gilardi,1998-08-12,mgilardief@cornell.edu,+66 (679) 898-2879,2019-11-14 02:27:26
521,Regen,Purdom,1991-01-11,rpurdomeg@techcrunch.com,+63 (637) 443-3879,2018-06-06 19:54:28
522,Jarrett,Elsmore,1998-05-12,jelsmoreeh@dot.gov,+48 (717) 801-5482,2017-04-14 23:51:31
523,Derron,Doidge,2003-05-04,ddoidgeei@intel.com,+7 (426) 363-3625,2015-04-05 16:29:38
524,Carter,Berrisford,2001-04-19,cberrisfordej@noaa.gov,+63 (636) 486-5762,2018-08-28 21:56:16
525,Madlin,Connors,2000-07-08,mconnorsek@amazon.co.uk,+48 (888) 479-9303,2019-07-28 09:15:01
526,Daveen,Jindrich,2000-07-27,,+963 (721) 146-4908,2016-07-17 18:18:51
527,Hilly,Gilbard,2002-09-27,hgilbardem@newsvine.com,+267 (585) 652-8624,2018-06-17 15:16:34
528,Morly,,1991-11-21,meighteenen@hostgator.com,+62 (253) 899-5666,2018-09-17 03:43:15
529,Meyer,,,mblodgeteo@csmonitor.com,+62 (772) 260-7450,2019-02-22 10:20:28
530,Loy,Pursglove,1997-11-16,lpursgloveep@sfgate.com,+7 (595) 527-5567,2019-04-18 11:56:52
531,Damara,Bushrod,2002-12-29,,+63 (380) 856-0405,2016-07-12 14:15:51
532,Lexine,Tonnesen,1993-02-05,ltonnesener@quantcast.com,+967 (360) 979-6762,2015-03-22 22:09:28
533,Doroteya,Ricketts,2001-07-06,drickettses@geocities.com,+66 (889) 630-1518,2018-10-01 21:56:00
534,Titos,Annice,,,+62 (981) 854-2243,2016-04-02 04:52:46
535,Tuesday,,1990-09-04,tdiruggieroeu@chron.com,+598 (654) 956-1106,2017-08-07 20:01:45
536,Abigail,Juszczak,,ajuszczakev@google.ru,+54 (376) 723-6137,2017-02-11 08:27:36
537,Justine,,1998-06-02,jbrimfieldew@bloglines.com,+351 (363) 361-0595,2015-11-05 02:42:25
538,Sianna,,2003-11-15,smordecaiex@cnn.com,+86 (585) 261-2894,2019-11-27 17:32:46
539,Helena,Bretland,,hbretlandey@virginia.edu,+7 (930) 135-3510,2018-06-05 05:07:42
540,Sollie,Pancoast,1998-06-04,spancoastez@sohu.com,+420 (665) 958-2370,2021-03-01 13:56:42
541,Larissa,,2003-08-27,lhaggerstonef0@mail.ru,+62 (772) 631-4318,2019-03-08 05:25:16
542,Laina,Kilborn,1990-08-30,lkilbornf1@webs.com,+62 (837) 900-4470,2016-09-12 05:43:15
543,Loria,,1993-01-26,lcoughanf2@bbc.co.uk,+62 (982) 729-3753,2018-06-13 21:29:57
544,Cicily,,,cgiacomuccif3@weibo.com,+86 (247) 400-7441,2019-08-10 11:21:00
545,Leia,,,lfratsonf4@behance.net,+358 (196) 919-9915,2017-01-31 07:44:26
546,Gearalt,Simson,2002-07-01,,+7 (346) 351-6158,2018-01-14 14:56:39
547,Edouard,Comley,2000-03-03,ecomleyf6@exblog.jp,+63 (364) 671-0717,2016-04-17 20:49:33
548,Reagan,Androli,1995-10-14,randrolif7@ifeng.com,+86 (588) 539-8995,2015-02-20 02:31:05
549,Annabela,Arnald,1990-05-06,aarnaldf8@accuweather.com,+46 (480) 884-2122,2021-08-27 03:46:09
550,Roderic,Greenhow,1990-07-29,rgreenhowf9@narod.ru,+7 (510) 114-2355,2018-12-08 23:20:17
551,Charlena,Henriksson,1994-04-26,chenrikssonfa@t.co,+55 (316) 641-1968,2018-05-07 15:43:53
552,Leoine,Blasgen,1998-09-09,,+386 (987) 510-7006,2020-03-16 04:59:20
553,Inessa,Timoney,2004-03-22,,+63 (177) 685-6596,2020-03-18 12:47:12
554,Stevana,,1995-02-25,,+86 (431) 217-5084,2015-04-05 04:29:56
555,Franny,Tooby,2003-05-29,ftoobyfe@senate.gov,+33 (267) 230-5465,2017-09-19 14:28:57
556,Francklin,Moggan,1990-12-13,fmogganff@simplemachines.org,+33 (401) 280-1928,2018-01-14 07:46:11
557,Erastus,Sussex,1999-01-27,esussexfg@virginia.edu,+55 (421) 766-1076,2019-01-22 05:30:26
558,Jefferson,,1992-04-01,jabsolomfh@google.de,+994 (282) 209-3356,2018-06-04 16:19:31
559,Pet,Bum,1997-04-14,pbumfi@t-online.de,+359 (366) 296-1010,2019-02-25 13:32:23
560,Yuri,,1993-07-28,ybradbrookfj@geocities.com,+972 (141) 740-5890,2020-11-12 10:20:42
561,Lena,Hicken,1992-02-20,lhickenfk@w3.org,+86 (315) 360-1867,2019-10-29 01:47:40
562,Fraze,,1992-12-11,fpeatheyjohnsfl@jigsy.com,+86 (275) 270-6284,2015-06-16 23:15:29
563,Zarah,Cleaton,,zcleatonfm@theglobeandmail.com,+63 (686) 967-5733,2019-02-19 08:09:11
564,Mona,Odlin,2000-01-23,modlinfn@ucoz.ru,+374 (739) 578-8567,2021-07-05 22:01:32
565,Rebecka,Dennes,,rdennesfo@nsw.gov.au,+63 (811) 616-4245,2018-07-07 14:19:20
566,Palm,,2004-04-11,,+223 (348) 857-1549,2016-02-03 07:34:05
567,Raquela,Van Eeden,,rvaneedenfq@tripod.com,+86 (446) 580-0934,2018-09-11 20:17:30
568,Fabien,Eatock,1994-11-20,,+63 (732) 141-7319,2017-06-12 07:27:14
569,Tania,,2002-08-10,tfollissfs@technorati.com,+420 (869) 884-3058,2019-10-19 01:35:11
570,Darbie,Buckie,2003-04-30,dbuckieft@aboutads.info,+62 (451) 427-2338,2018-04-15 16:56:46
571,Ermengarde,,,eernifu@wix.com,+57 (992) 512-3363,2020-07-22 20:33:36
572,Corbett,Benmore,1995-11-22,cbenmorefv@statcounter.com,+46 (661) 184-6323,2017-05-21 22:05:10
573,Janene,,,jturlfw@wiley.com,+1 (435) 276-3386,2018-10-23 18:49:04
574,Kassi,McCarle,1998-01-29,kmccarlefx@w3.org,+62 (462) 846-3065,2019-02-24 04:39:51
575,Meredithe,Grundle,,mgrundlefy@youtu.be,+64 (627) 102-7655,2019-03-29 14:04:14
576,Steven,Archell,1993-10-03,sarchellfz@odnoklassniki.ru,+62 (498) 326-8453,2015-07-13 10:55:13
577,Esma,Richings,,erichingsg0@tripadvisor.com,+358 (972) 665-2889,2019-01-25 18:39:27
578,Arri,Zanitti,1990-04-13,azanittig1@ihg.com,+351 (578) 831-0483,2020-11-14 03:01:05
579,Erie,Doohey,1998-05-04,edooheyg2@flickr.com,+351 (426) 670-3966,2016-02-08 18:47:37
580,Eleanor,,1999-05-27,edyerg3@huffingtonpost.com,+54 (570) 483-4861,2016-04-03 06:38:44
581,Michele,Beany,1996-02-05,mbeanyg4@infoseek.co.jp,+95 (397) 749-1977,2019-10-07 07:51:44
582,Lee,Waistall,1997-04-05,lwaistallg5@aboutads.info,+55 (878) 280-7060,2021-08-20 20:41:11
583,Estrella,Conwell,2002-08-14,econwellg6@phpbb.com,+86 (916) 505-7967,2017-05-21 18:12:46
584,Frazer,Montes,,fmontesg7@craigslist.org,+63 (787) 833-2545,2016-12-31 20:42:03
585,Dot,Heber,,dheberg8@aol.com,+86 (281) 116-4382,2016-06-01 05:13:20
586,Rick,Bachellier,,rbachellierg9@list-manage.com,+47 (706) 929-9940,2017-01-30 00:49:00
587,Jed,Bransdon,2000-10-10,jbransdonga@g.co,+49 (719) 534-5970,2020-07-16 20:10:32
588,Ambrose,Pinhorn,2001-06-09,apinhorngb@dailymail.co.uk,+47 (564) 998-2213,2021-05-27 14:05:34
589,Cristabel,Janzen,2002-03-19,cjanzengc@ebay.co.uk,+420 (268) 934-7192,2017-08-02 01:20:53
590,Daffie,Ranson,1999-03-29,dransongd@si.edu,+39 (767) 188-4261,2017-12-16 10:13:06
591,Ramsay,,1996-04-24,rhousinge@oracle.com,+375 (951) 868-6611,2017-12-11 16:20:13
592,Corney,,1992-05-13,,+84 (740) 197-8101,2019-11-30 02:01:05
593,Maudie,,1999-04-09,mrhulegg@foxnews.com,+86 (644) 539-3539,2017-06-10 02:37:10
594,Burch,Giraudot,2003-03-13,bgiraudotgh@bloglines.com,+970 (935) 400-8041,2019-12-02 07:22:11
595,Cathlene,Phethean,2004-09-04,cphetheangi@cargocollective.com,+57 (325) 585-3930,2018-03-22 00:54:44
596,Michail,Gladbeck,,mgladbeckgj@prnewswire.com,+92 (842) 945-2742,2016-10-09 14:31:50
597,Fawnia,Paolone,,,+55 (332) 253-3195,2020-07-14 16:49:56
598,Jasun,Szanto,1997-02-11,jszantogl@google.com.au,+62 (207) 204-6154,2015-02-03 13:15:39
599,Tanya,Alesi,2002-12-09,talesigm@spotify.com,+62 (409) 852-6503,2018-09-24 01:12:24
600,Aila,Roman,2000-05-23,aromangn@naver.com,+7 (237) 274-2589,2018-12-17 21:07:29
601,Raul,Lingard,1996-12-13,rlingardgo@eventbrite.com,+420 (252) 515-9284,2018-10-26 07:59:39
602,Jule,,,jminichillogp@accuweather.com,+62 (788) 123-9422,2015-10-06 17:14:14
603,Seka,MacTrustey,,smactrusteygq@cargocollective.com,+86 (121) 752-9609,2019-05-28 19:12:09
604,Dulcine,Sculpher,1996-06-03,dsculphergr@cbslocal.com,+62 (778) 166-5438,2021-08-29 06:22:27
605,Cyndi,Kezar,,ckezargs@buzzfeed.com,+351 (512) 745-5142,2015-07-25 14:42:14
606,Nicol,Radmer,2001-03-31,nradmergt@wikia.com,+351 (174) 774-2361,2015-07-05 15:13:48
607,Vivianna,,,vbaldaccogu@google.es,+82 (795) 875-9358,2015-09-04 17:47:59
608,Foster,,1996-11-04,ftyersgv@flickr.com,+255 (890) 173-2185,2017-01-12 05:39:49
609,Manuel,Minot,,mminotgw@census.gov,+591 (707) 213-0223,2020-10-10 00:35:50
610,Darsie,Gogay,,dgogaygx@who.int,+420 (293) 818-1346,2016-02-28 00:27:00
611,Marja,Dwire,1990-03-19,mdwiregy@mac.com,+86 (984) 780-6272,2018-09-29 01:39:58
612,Eldridge,Pond,1990-08-26,epondgz@marketwatch.com,+7 (717) 949-5376,2020-01-01 08:57:22
613,Sydelle,Bechley,1997-11-19,sbechleyh0@wordpress.com,+48 (707) 621-1376,2021-09-03 14:12:57
614,Geoffry,,1998-01-26,gippletth1@ycombinator.com,+46 (760) 397-0548,2018-04-29 02:15:51
615,Matilda,Mullaney,,mmullaneyh2@baidu.com,+86 (571) 646-3443,2018-01-01 06:54:42
616,Stephan,Pettingill,2004-01-30,spettingillh3@boston.com,+81 (230) 769-6581,2021-01-30 09:44:42
617,Caty,,2001-11-01,cgougeh4@mlb.com,+62 (344) 811-1006,2020-04-20 06:24:38
618,Marlo,Twamley,1997-01-04,mtwamleyh5@prweb.com,+86 (800) 293-2817,2019-04-19 20:57:57
619,Audie,Lilie,,alilieh6@g.co,+55 (547) 265-4972,2017-12-18 12:17:56
620,Bobbye,Selley,1991-12-05,bselleyh7@foxnews.com,+46 (396) 897-7605,2019-11-24 09:23:44
621,Beau,,,,+86 (751) 247-3333,2019-01-23 18:50:04
622,Shirlee,,2001-08-28,,+62 (309) 297-0556,2019-07-08 12:32:39
623,Kayle,Frarey,1992-08-24,,+62 (527) 343-7535,2015-05-01 23:31:33
624,Catrina,Bromehead,1994-04-09,cbromeheadhb@google.co.jp,+976 (716) 351-7574,2017-11-16 05:17:46
625,Caryn,Hebble,1993-09-27,,+47 (536) 881-5695,2020-07-06 15:05:59
626,Vern,Dunphie,1991-03-13,,+49 (469) 964-2321,2020-04-25 11:15:48
627,Milissent,Waitland,,mwaitlandhe@tinyurl.com,+82 (138) 737-0364,2019-12-07 04:19:45
628,Barbie,Tummasutti,1998-06-07,btummasuttihf@meetup.com,+255 (484) 510-9361,2016-01-09 00:47:45
629,Arlan,Duke,2000-02-28,adukehg@i2i.jp,+86 (441) 775-1610,2018-10-25 04:01:45
630,Maurits,Galero,1990-10-26,mgalerohh@is.gd,+55 (258) 217-9723,2021-05-10 23:30:13
631,Frederico,Brandom,,fbrandomhi@diigo.com,+51 (151) 950-9926,2019-02-11 01:08:44
632,Onfroi,Baptista,,obaptistahj@springer.com,+62 (829) 516-7817,2017-12-29 15:46:22
633,Faunie,Grimster,1995-09-25,fgrimsterhk@purevolume.com,+62 (455) 515-1469,2018-10-08 22:11:27
634,Danya,Fendt,1990-02-08,dfendthl@prweb.com,+55 (575) 609-4698,2017-08-27 17:04:40
635,Fritz,Quadri,1996-09-21,fquadrihm@tamu.edu,+62 (862) 391-2018,2015-07-27 20:10:29
636,Roxy,Eyckel,1991-03-15,reyckelhn@wikia.com,+48 (725) 247-1634,2016-01-02 12:29:17
637,Correy,Readett,1994-03-01,creadettho@edublogs.org,+380 (772) 580-9511,2017-06-18 10:24:28
638,Eadie,Scay,1994-06-21,escayhp@apple.com,+62 (543) 337-1378,2021-05-19 10:48:34
639,Carr,Ilson,,,+55 (987) 451-9241,2016-10-28 00:17:37
640,Ivy,Sansun,,isansunhr@usatoday.com,+62 (910) 465-0340,2016-11-21 19:30:20
641,Ignace,Taree,1999-08-22,,+98 (910) 775-5492,2017-02-10 12:14:21
642,Kacie,,,khardwareht@t.co,+48 (461) 141-0691,2017-03-29 13:54:57
643,Stanislaw,Meenan,,smeenanhu@cornell.edu,+46 (256) 734-6664,2016-08-03 07:20:15
644,Molli,Briar,1991-04-03,mbriarhv@vinaora.com,+268 (787) 434-4580,2018-07-07 12:56:40
645,Selia,McCooke,1999-10-21,smccookehw@hhs.gov,+63 (485) 966-8093,2017-12-20 16:34:14
646,Buffy,Boyton,1995-06-22,bboytonhx@blogger.com,+971 (854) 248-2197,2020-10-05 15:33:53
647,Shaylynn,,,sdamrelhy@icio.us,+385 (147) 585-4454,2020-11-21 04:20:50
648,Trish,Wimbridge,,,+33 (180) 548-6504,2021-03-17 17:53:12
649,Mandie,Henri,1996-04-23,mhenrii0@comcast.net,+506 (125) 469-9358,2021-07-02 21:20:56
650,Steward,Blare,,,+81 (134) 895-1250,2019-02-02 12:59:36
651,Noel,Udy,1997-10-21,nudyi2@furl.net,+63 (681) 477-3829,2020-11-13 11:39:36
652,Dinnie,Tabb,2001-11-08,dtabbi3@dagondesign.com,+62 (426) 513-5294,2016-04-28 04:51:49
653,Loraine,Tynewell,2000-11-13,ltynewelli4@chronoengine.com,+254 (664) 168-8617,2019-07-22 18:23:07
654,Toni,Paylie,,,+241 (260) 938-5532,2018-04-05 01:26:15
655,Coleen,Hitscher,2004-06-05,chitscheri6@foxnews.com,+7 (320) 247-9251,2015-03-20 12:17:28
656,Allistir,Cornillot,,acornilloti7@tuttocitta.it,+86 (634) 453-4042,2019-04-07 17:42:15
657,Dusty,Gurnay,1993-02-07,dgurnayi8@bravesites.com,+62 (850) 668-6289,2017-02-27 18:33:09
658,Shawna,Brass,1990-12-07,sbrassi9@theatlantic.com,+54 (287) 588-8953,2017-03-17 01:56:56
659,Ned,Chadbourne,1998-04-16,nchadbourneia@chicagotribune.com,+51 (932) 587-9628,2019-06-09 17:35:34
660,Betty,Seater,1995-12-09,bseaterib@privacy.gov.au,+356 (212) 941-4767,2021-02-09 22:13:56
661,Hadria,Rosenfelder,1997-12-21,hrosenfelderic@xinhuanet.com,+86 (608) 695-1036,2017-05-12 01:56:22
662,Spenser,McGaugey,,smcgaugeyid@51.la,+86 (582) 331-2622,2020-02-24 00:08:17
663,Blisse,Poulett,1999-10-19,bpoulettie@cnn.com,+420 (694) 275-6573,2016-07-24 06:09:59
664,Cati,Mifflin,1992-01-17,cmifflinif@yellowpages.com,+267 (827) 519-0608,2020-08-25 04:28:57
665,Demetris,,2003-11-30,dlongeaig@cocolog-nifty.com,+1 (718) 906-8205,2017-05-19 14:14:24
666,Briggs,Gorse,,bgorseih@photobucket.com,+81 (412) 411-6850,2016-12-10 13:22:30
667,Mendie,Wardlow,1996-02-24,mwardlowii@wordpress.com,+63 (938) 891-4286,2020-06-03 08:26:33
668,Justine,,1998-11-21,jkleiselij@github.com,+7 (808) 160-4168,2017-03-30 16:23:20
669,Valerye,,1992-07-10,vwedmoreik@mashable.com,+86 (694) 572-9276,2015-01-27 17:14:56
670,Onida,,1995-05-20,ohiscokeil@ft.com,+62 (142) 857-3427,2015-01-14 04:31:41
671,Kristopher,Gaul,2004-12-11,kgaulim@weibo.com,+55 (890) 430-1112,2021-05-28 22:51:01
672,Saloma,,2002-11-02,sbrackenburyin@opensource.org,+216 (983) 125-3746,2018-05-12 02:47:57
673,Erek,,1996-09-14,ejerminio@loc.gov,+234 (823) 247-3521,2021-01-26 21:47:32
674,Arabelle,Doorey,1994-08-24,adooreyip@usatoday.com,+86 (658) 953-7486,2015-11-02 18:11:38
675,Octavia,Carberry,2000-02-19,ocarberryiq@miibeian.gov.cn,+62 (399) 878-3006,2020-04-13 12:17:27
676,Jillene,Jahnisch,1997-07-05,jjahnischir@tinyurl.com,+62 (112) 759-5232,2021-05-09 08:19:09
677,Amie,Mansford,,,+86 (946) 314-7748,2019-08-21 15:46:50
678,Dukie,Rousell,2002-09-29,drousellit@xinhuanet.com,+55 (254) 748-6277,2015-11-28 04:53:55
679,Novelia,Patterfield,1999-09-12,npatterfieldiu@aol.com,+229 (396) 479-0762,2015-12-21 18:19:49
680,Gertruda,,,,+62 (394) 251-4042,2016-12-27 06:53:59
681,Cole,,1992-12-04,,+66 (713) 647-9222,2018-04-01 13:12:03
682,Dolly,,1990-08-21,dbemmentix@bigcartel.com,+351 (914) 963-0696,2020-06-28 03:11:31
683,Georgianne,,2000-12-10,galgieiy@netlog.com,+62 (574) 956-1597,2021-07-09 14:51:36
684,Court,Bertl,1999-08-01,cbertliz@sogou.com,+33 (504) 843-2375,2018-10-02 05:43:00
685,Justinian,Bitchener,,jbitchenerj0@hatena.ne.jp,+507 (977) 385-7313,2018-01-29 11:31:09
686,Ailsun,,1993-01-20,adoogj1@issuu.com,+62 (137) 888-7788,2021-03-05 02:09:23
687,Bron,Whisby,1996-08-12,bwhisbyj2@quantcast.com,+62 (263) 361-5234,2020-10-04 05:12:40
688,Justinn,Courcey,2002-09-19,jcourceyj3@alexa.com,+48 (308) 945-1646,2019-06-17 16:56:35
689,Rozanne,Shane,1999-06-07,rshanej4@myspace.com,+48 (725) 956-3562,2021-09-01 11:52:34
690,Drusilla,Andriuzzi,2002-08-07,dandriuzzij5@narod.ru,+54 (624) 334-1738,2019-02-09 15:20:47
691,Bibbie,Bigmore,1992-08-04,,+48 (858) 936-2486,2020-02-06 09:34:33
692,Winthrop,Kohring,,wkohringj7@forbes.com,+216 (566) 219-4214,2015-07-29 20:26:08
693,Juliet,,,jroncellij8@adobe.com,+212 (106) 166-4419,2015-02-27 16:04:41
694,Trey,Jocelyn,1993-07-09,tjocelynj9@deviantart.com,+265 (160) 410-0679,2018-05-13 14:21:28
695,Benson,Corn,,bcornja@unicef.org,+63 (223) 770-6119,2016-01-06 04:33:13
696,Shelton,,1995-05-25,,+33 (486) 618-7600,2017-08-12 22:57:47
697,Aguie,Arcase,2000-10-05,,+86 (808) 895-1010,2015-07-04 20:21:13
698,Mortimer,,1993-09-20,mfilochovjd@ted.com,+7 (191) 495-8835,2018-07-05 21:24:00
699,Pegeen,,2003-07-02,ptwinbourneje@constantcontact.com,+86 (850) 514-4772,2016-06-09 15:31:19
700,Rachele,,2001-05-03,,+351 (390) 712-2469,2017-03-11 13:24:51
701,Bradley,Kynton,1993-02-02,bkyntonjg@diigo.com,+86 (679) 786-5711,2017-11-13 09:43:53
702,Hermie,Dooly,1996-04-01,hdoolyjh@wufoo.com,+221 (139) 216-2720,2019-07-10 13:00:25
703,Tremaine,Rosell,2000-04-15,trosellji@jigsy.com,+47 (606) 692-7499,2015-07-12 20:13:51
704,Colet,,1998-10-15,cecclesharejj@state.gov,+1 (202) 620-2996,2019-09-30 18:31:11
705,Justine,Edwardson,,jedwardsonjk@com.com,+7 (845) 875-4612,2020-04-26 00:40:52
706,Codie,,,cbartusekjl@de.vu,+1 (637) 398-5775,2017-07-08 20:41:46
707,Morlee,Housam,,mhousamjm@technorati.com,+62 (840) 350-8454,2015-01-28 13:01:58
708,Bryna,,1990-03-14,bdumperjn@princeton.edu,+1 (415) 635-8434,2018-06-16 04:13:01
709,Emalia,Hanaby,1997-07-05,ehanabyjo@shareasale.com,+86 (144) 811-0392,2018-05-14 19:45:48
710,Dannie,Baribal,,dbaribaljp@wikimedia.org,+86 (342) 432-3155,2020-04-12 00:01:44
711,Michel,,1991-02-01,mheinekejq@comcast.net,+33 (439) 744-4050,2021-05-13 11:15:53
712,Adena,Davidescu,2004-07-27,adavidescujr@amazonaws.com,+49 (822) 227-4907,2021-07-02 18:23:07
713,Conway,,2001-04-27,czanettijs@sbwire.com,+355 (233) 212-3231,2018-02-22 08:32:53
714,Rafaellle,,1994-12-21,rvockinsjt@unesco.org,+63 (120) 871-6724,2018-11-26 22:07:46
715,Haily,Tizard,1998-10-01,htizardju@miibeian.gov.cn,+225 (379) 617-8941,2019-06-30 05:59:56
716,Josefina,Knowller,1994-12-24,jknowllerjv@purevolume.com,+7 (297) 448-1708,2021-04-26 15:44:42
717,Marlin,Stobbes,1999-11-04,mstobbesjw@digg.com,+359 (535) 361-8597,2017-06-16 08:47:22
718,Vanny,Tither,1998-01-22,vtitherjx@bloomberg.com,+46 (679) 629-2946,2017-07-08 21:40:16
719,Ichabod,Ariss,1993-07-09,iarissjy@berkeley.edu,+63 (186) 455-8290,2019-01-21 18:39:15
720,Giselle,Marfield,1995-07-26,,+504 (186) 624-3900,2015-02-18 10:50:05
721,Datha,,,,+86 (493) 141-4558,2020-11-03 10:41:36
722,Cherise,Borthwick,,cborthwickk1@digg.com,+1 (489) 326-7184,2015-01-04 22:38:53
723,Berton,Webborn,2001-01-31,bwebbornk2@amazon.com,+51 (760) 715-5263,2016-07-23 02:04:26
724,Lorettalorna,Sunnucks,,lsunnucksk3@wikispaces.com,+351 (116) 812-7337,2020-12-04 02:30:52
725,Lin,Plampeyn,2000-03-05,lplampeynk4@wired.com,+62 (470) 745-3144,2020-06-20 23:54:48
726,Clarey,Zecchinii,2001-02-10,czecchiniik5@howstuffworks.com,+86 (484) 877-0427,2016-03-03 06:16:46
727,Vic,Mooney,1998-05-25,vmooneyk6@goodreads.com,+263 (660) 139-4536,2020-11-19 20:14:02
728,Durant,,,dbakeupk7@icq.com,+251 (677) 449-2463,2021-03-03 22:39:39
729,Germana,Rigbye,1996-09-04,grigbyek8@multiply.com,+86 (464) 217-0156,2019-12-02 14:35:43
730,Alis,Breeze,,,+7 (931) 809-0201,2019-05-14 06:00:08
731,Lucille,Ramsdell,,lramsdellka@cyberchimps.com,+64 (475) 770-5557,2016-10-10 16:54:44
732,Rakel,Aguirrezabala,2003-06-19,,+62 (298) 543-9389,2016-11-04 00:05:40
733,Berne,Dobel,1992-10-20,,+86 (904) 627-0866,2016-05-04 09:32:31
734,Stoddard,Caudell,1994-10-30,scaudellkd@drupal.org,+48 (807) 924-9733,2015-09-05 13:59:02
735,Noble,Dorr,,ndorrke@bing.com,+351 (706) 169-4878,2020-06-16 13:33:27
736,Ulrica,,1990-04-01,umcreynoldkf@marriott.com,+374 (300) 721-5946,2019-10-07 14:11:54
737,Wells,Grotty,1990-05-16,wgrottykg@vk.com,+86 (633) 417-2377,2015-01-03 04:50:09
738,Lenci,Tillett,1991-07-29,ltillettkh@eepurl.com,+86 (857) 428-9411,2020-09-09 21:07:45
739,Samantha,Tippler,1999-02-22,stipplerki@apache.org,+970 (564) 157-3835,2020-05-18 15:36:46
740,Goddard,Moscrop,2000-06-17,,+62 (374) 503-1076,2018-06-23 08:57:23
741,Sadye,Harriot,2002-04-24,,+52 (673) 809-2189,2018-08-30 08:25:17
742,Stella,,,sobraddenkl@1und1.de,+351 (230) 499-8761,2018-06-09 10:05:57
743,Kaja,Radeliffe,,kradeliffekm@businesswire.com,+1 (702) 176-0719,2021-09-09 19:26:53
744,Jasun,Balassa,2001-05-28,jbalassakn@epa.gov,+98 (716) 745-0089,2019-07-11 22:41:11
745,Selie,Deakin,1992-03-01,sdeakinko@squarespace.com,+55 (423) 836-0260,2020-05-30 07:31:29
746,Jess,Meffin,1990-12-16,jmeffinkp@google.com.au,+82 (812) 420-9279,2021-07-05 23:57:14
747,Nathanial,Monsey,1992-09-02,nmonseykq@tripod.com,+976 (400) 682-5040,2020-07-23 14:40:06
748,Kizzee,,2004-07-13,kcowthardkr@shutterfly.com,+962 (218) 893-7225,2017-09-07 01:14:17
749,Nicole,Ewdale,1995-04-12,newdaleks@go.com,+33 (973) 391-0573,2020-01-18 01:12:59
750,Artemis,Sydenham,1998-11-05,asydenhamkt@oaic.gov.au,+48 (906) 791-6539,2020-09-13 03:34:04
751,Gearalt,Mertin,1998-02-19,gmertinku@dailymail.co.uk,+86 (181) 942-1350,2016-02-27 19:11:30
752,Coretta,,1998-03-30,cvasichevkv@msu.edu,+351 (633) 907-5197,2017-12-04 07:59:38
753,Audrye,Stammer,2001-10-10,astammerkw@gizmodo.com,+57 (314) 187-1536,2018-10-24 17:46:13
754,Henrieta,Brawson,,hbrawsonkx@behance.net,+7 (901) 513-1743,2016-09-24 07:14:43
755,Dyann,,2001-09-03,dtreasureky@ed.gov,+225 (709) 248-9103,2020-05-23 17:23:56
756,Mikkel,Gianullo,1990-07-15,mgianullokz@spotify.com,+976 (673) 207-8576,2019-02-20 00:19:17
757,Gus,Barenskie,,gbarenskiel0@mapquest.com,+30 (328) 348-0909,2020-01-09 23:08:54
758,Verge,Grahlman,2000-02-10,vgrahlmanl1@theguardian.com,+55 (567) 462-8342,2016-06-17 01:19:14
759,Leroi,Grix,1990-03-06,lgrixl2@imdb.com,+86 (106) 925-6590,2021-06-17 22:22:18
760,Erin,Gueny,1993-04-11,eguenyl3@cbslocal.com,+86 (727) 730-8413,2019-04-25 04:30:44
761,Felizio,Roycraft,1993-08-28,,+51 (420) 114-6546,2018-11-13 16:50:23
762,Rosetta,Castellini,2001-01-04,rcastellinil5@ucoz.ru,+86 (539) 616-7642,2016-01-10 18:47:47
763,Thaddeus,Petel,2004-10-30,tpetell6@ca.gov,+7 (842) 621-8176,2019-12-31 13:53:36
764,Helyn,Meggison,1990-12-06,hmeggisonl7@tiny.cc,+380 (248) 696-5579,2015-09-29 04:25:43
765,Taffy,,1998-02-23,tkingslyl8@google.co.uk,+351 (461) 521-2408,2019-08-01 12:17:19
766,Ber,Venmore,2000-07-31,bvenmorel9@naver.com,+7 (394) 585-3617,2017-12-17 16:49:56
767,Robin,,1995-04-07,,+351 (906) 856-0352,2015-07-14 01:03:38
768,Pembroke,Summersett,,psummersettlb@cocolog-nifty.com,+358 (371) 263-8920,2021-03-30 03:52:24
769,Francyne,Houlton,,fhoultonlc@china.com.cn,+501 (485) 572-0651,2021-01-07 18:56:43
770,Merry,,1993-01-05,mespinosld@opensource.org,+66 (106) 228-3891,2020-10-19 09:36:10
771,Aindrea,,,abedboroughle@va.gov,+33 (732) 662-4732,2020-04-07 18:10:29
772,Murdoch,MacGorman,1995-10-27,mmacgormanlf@alibaba.com,+998 (218) 493-9445,2016-02-10 08:13:38
773,Egbert,,2000-09-16,eredwoodlg@unicef.org,+34 (266) 636-0472,2015-08-28 05:20:01
774,Herby,,1998-04-17,hpeelelh@umich.edu,+389 (130) 647-5703,2019-09-05 13:43:22
775,Ethe,Circuit,2003-06-14,ecircuitli@japanpost.jp,+1 (612) 377-4648,2018-06-12 13:42:50
776,Dyane,Malkie,,dmalkielj@theguardian.com,+86 (319) 162-4151,2021-03-15 04:45:35
777,Rosmunda,,,rkeemslk@joomla.org,+381 (517) 173-2468,2015-09-26 16:30:03
778,Ansley,Wanek,1993-09-25,awanekll@seesaa.net,+62 (415) 836-2625,2020-05-03 00:52:58
779,Jenna,,,jlowneslm@facebook.com,+63 (704) 126-8593,2019-04-24 13:17:45
780,Elvina,Dunne,,edunneln@soundcloud.com,+48 (830) 354-3474,2019-11-21 23:49:57
781,Gilli,Cunniff,,gcunnifflo@msn.com,+224 (421) 675-7486,2020-09-04 13:56:00
782,Evie,MacMeekan,1998-02-19,emacmeekanlp@howstuffworks.com,+7 (274) 906-5933,2015-11-18 17:45:15
783,Jack,,1990-08-08,jaldrittlq@dell.com,+86 (745) 763-4965,2017-05-13 14:54:07
784,Hinze,Lebbon,1997-03-19,hlebbonlr@webmd.com,+7 (365) 930-5808,2019-11-17 19:49:18
785,Abel,Portal,,aportalls@hibu.com,+62 (310) 823-9485,2015-09-01 17:16:18
786,Isaak,Gallienne,1991-05-30,igalliennelt@stumbleupon.com,+359 (278) 533-9855,2017-09-06 21:58:46
787,Celeste,Shotboulte,2004-07-14,cshotboultelu@addthis.com,+86 (223) 906-0578,2015-03-09 13:20:12
788,Agace,Brittan,,abrittanlv@oaic.gov.au,+351 (802) 673-7265,2021-04-09 05:11:31
789,Freddy,,1993-02-01,fvaudinlw@ebay.com,+62 (527) 121-1939,2019-11-19 08:00:55
790,Ivette,Trayford,,itrayfordlx@nytimes.com,+63 (943) 649-6707,2015-02-09 18:29:43
791,Nehemiah,Fairfoull,1993-01-12,nfairfoullly@freewebs.com,+7 (729) 864-2836,2017-05-24 03:45:16
792,Goldarina,,2000-02-15,,+55 (899) 151-1251,2020-05-03 08:19:10
793,Jarrid,Aish,,jaishm0@vk.com,+7 (549) 496-3271,2020-11-09 08:12:20
794,Hanni,,2004-08-17,haggm1@nba.com,+55 (200) 991-2725,2017-10-08 02:45:10
795,Larry,,,lthornm2@mac.com,+967 (615) 349-1972,2015-09-25 19:57:34
796,Klaus,Babington,1992-05-15,kbabingtonm3@jigsy.com,+98 (759) 685-7322,2015-11-23 11:53:37
797,William,Bilbrooke,1997-09-16,wbilbrookem4@tumblr.com,+55 (665) 169-5368,2020-03-29 17:09:36
798,Joanna,Ortell,2003-10-01,,+7 (182) 470-5148,2021-01-15 00:42:32
799,Matthieu,Easeman,2001-06-24,measemanm6@ezinearticles.com,+1 (917) 829-1122,2018-04-13 10:00:55
800,Pat,,2000-01-08,pcatherallm7@webs.com,+81 (421) 634-3160,2016-12-29 23:14:05
801,Danell,Askham,,daskhamm8@japanpost.jp,+1 (368) 589-9326,2020-10-01 05:48:10
802,Rochell,Fifoot,2003-10-21,rfifootm9@cloudflare.com,+81 (319) 472-4654,2019-11-05 08:05:35
803,Arley,,1990-09-22,atruelovema@google.nl,+33 (690) 772-1801,2016-09-26 18:32:13
804,Harwell,Timothy,1995-01-26,htimothymb@cafepress.com,+351 (101) 585-2034,2021-03-04 05:12:31
805,Ashla,Buttrick,2000-10-02,,+86 (752) 416-8226,2020-07-20 00:31:12
806,Ardeen,Tollett,1997-01-04,atollettmd@bandcamp.com,+63 (452) 405-3327,2018-05-24 12:22:03
807,Cammy,Crottagh,,,+57 (921) 369-6407,2020-08-31 21:35:44
808,Raymund,Cours,2003-01-29,rcoursmf@nih.gov,+86 (867) 898-7607,2016-04-06 06:12:17
809,Levi,Graber,,lgrabermg@tripod.com,+54 (525) 437-1818,2016-10-26 21:09:38
810,Auroora,Yerlett,,ayerlettmh@google.co.uk,+86 (748) 865-4172,2017-02-18 19:37:20
811,Bartholomeo,O'Sheils,1991-05-18,bosheilsmi@dot.gov,+593 (297) 583-9461,2018-10-23 11:07:09
812,Branden,,1998-01-04,,+62 (371) 497-9245,2016-04-13 02:17:38
813,Lynnelle,Fealey,1993-05-21,lfealeymk@china.com.cn,+55 (485) 240-8914,2017-07-15 09:38:35
814,Charmane,,1995-11-16,csielyml@zdnet.com,+263 (188) 357-9465,2018-03-02 07:06:27
815,Rina,Dyne,2003-06-01,rdynemm@irs.gov,+351 (555) 801-1396,2017-07-25 03:10:37
816,Verla,Barr,1997-09-25,vbarrmn@usnews.com,+62 (701) 936-4604,2021-05-02 08:12:31
817,Hubert,Giovannacc@i,1994-05-16,hgiovannaccimo@blogs.com,+355 (635) 105-8593,2015-01-14 16:56:00
818,Tessie,Rowson,,trowsonmp@123-reg.co.uk,+62 (566) 255-3520,2020-06-27 17:40:07
819,Laure,,1993-05-22,ledscermq@ucoz.ru,+30 (731) 125-4093,2021-03-01 10:52:54
820,Billie,,1995-05-11,bbegginmr@washingtonpost.com,+7 (132) 700-5832,2018-05-28 02:19:27
821,Simmonds,,1999-02-26,sparfettms@google.com,+86 (331) 742-0542,2016-09-30 20:14:47
822,Starla,D'Aubney,2004-01-21,sdaubneymt@posterous.com,+265 (487) 235-7559,2020-05-23 22:10:06
823,Quent,,,qgrahlmansmu@nhs.uk,+86 (691) 260-5862,2015-12-26 12:29:44
824,Rodd,Curtis,,rcurtismv@squarespace.com,+1 (471) 883-3568,2015-08-22 21:38:24
825,Ellynn,,2001-12-26,erummingmw@i2i.jp,+55 (584) 778-2314,2015-09-09 19:57:57
826,Delainey,,2001-01-14,disaksonmx@time.com,+86 (655) 898-7059,2015-07-24 21:00:20
827,Kelsi,Frye,1999-05-07,kfryemy@cloudflare.com,+389 (287) 126-6956,2016-09-28 16:07:27
828,Retha,Boldison,2004-08-24,,+48 (130) 628-7274,2016-01-12 13:05:31
829,Coralyn,Stuehmeier,1999-01-18,,+976 (746) 661-5282,2020-09-17 17:13:42
830,Webster,,,wmathousen1@arstechnica.com,+86 (178) 594-6875,2021-03-16 00:52:40
831,Margarete,Kornyshev,2004-08-18,mkornyshevn2@abc.net.au,+260 (835) 254-3439,2019-04-08 12:38:19
832,Anna-diane,,1993-08-09,ayurmanovevn3@census.gov,+351 (564) 976-4185,2015-03-13 08:33:04
833,Celle,Soan,2003-12-13,csoann4@amazonaws.com,+507 (685) 232-2919,2019-02-01 23:58:06
834,Marie,O'Cullen,1997-10-12,mocullenn5@nih.gov,+358 (332) 558-3482,2021-06-24 04:38:52
835,Jenda,Broinlich,2003-05-17,,+81 (546) 505-7022,2020-02-01 18:14:09
836,Rube,,1993-07-04,rubsdelln7@gov.uk,+7 (110) 920-9934,2016-03-04 13:03:07
837,Merci,Auger,1991-02-13,maugern8@nytimes.com,+86 (413) 408-4505,2019-05-24 22:12:32
838,Shannan,,1995-06-29,sabrehartn9@tinyurl.com,+52 (604) 723-1893,2016-01-28 04:23:58
839,Bab,,,bskydallna@sakura.ne.jp,+55 (141) 995-7396,2017-05-06 16:55:44
840,Tobe,,2001-10-10,tbroenb@boston.com,+593 (101) 587-7993,2018-01-17 05:14:53
841,Wadsworth,,2001-02-21,whallamnc@so-net.ne.jp,+420 (114) 182-9411,2016-06-12 10:09:27
842,Raul,Norsister,1996-12-16,,+57 (849) 459-3377,2019-02-10 11:25:13
843,Sukey,,1999-02-25,scolingne@sakura.ne.jp,+51 (164) 552-3561,2017-12-02 08:32:28
844,Saunders,Crosher,2001-08-14,scroshernf@about.me,+82 (870) 397-2181,2021-01-11 05:55:14
845,Averill,Darcey,2001-08-19,adarceyng@google.ca,+86 (911) 421-9047,2020-09-26 14:43:41
846,Petey,Shear,1992-10-28,pshearnh@tinyurl.com,+86 (531) 332-6567,2019-07-11 01:45:18
847,Carce,,,cgernerni@comcast.net,+46 (175) 462-0044,2016-07-08 19:46:45
848,Jessalin,Cawsby,,jcawsbynj@people.com.cn,+269 (531) 485-8939,2019-08-23 11:28:29
849,Marley,Cobbledick,2004-05-08,mcobbledicknk@godaddy.com,+212 (599) 121-4260,2016-04-23 02:40:01
850,Filippo,Kedie,,fkedienl@google.com.br,+84 (665) 284-7525,2018-04-17 17:42:00
851,Cyndia,Rowcastle,,crowcastlenm@cbc.ca,+358 (114) 740-2247,2015-01-12 04:24:35
852,Pavla,Sired,1991-08-03,,+1 (317) 710-2974,2020-05-07 03:52:50
853,Flory,Liggons,,fliggonsno@japanpost.jp,+86 (759) 575-5150,2019-02-17 08:01:03
854,Baxter,Tinline,,btinlinenp@microsoft.com,+506 (183) 157-2084,2021-01-31 10:20:00
855,Gilli,Heavy,1997-08-02,gheavynq@fema.gov,+60 (272) 227-1041,2015-10-30 12:39:07
856,Merrick,Martino,1993-05-02,,+230 (434) 317-6447,2021-08-09 03:53:10
857,Elysee,Probbing,,eprobbingns@macromedia.com,+86 (865) 174-4952,2016-07-05 05:05:05
858,Bren,Ugoletti,1992-11-05,bugolettint@deviantart.com,+86 (435) 135-0019,2020-01-03 08:12:53
859,Staford,Petrashkov,2002-10-10,spetrashkovnu@ftc.gov,+229 (765) 146-6746,2021-03-02 05:52:55
860,Andrew,Walters,,awaltersnv@w3.org,+993 (413) 707-6813,2021-06-19 04:42:01
861,Cleveland,Crewther,2003-04-05,ccrewthernw@usda.gov,+86 (332) 325-5326,2021-01-06 22:09:13
862,Marjie,Clifft,,mclifftnx@live.com,+255 (651) 182-5122,2021-01-02 22:24:47
863,Athene,Bennett,2003-12-19,abennettny@epa.gov,+7 (157) 714-1494,2019-12-31 09:53:54
864,Dean,,1994-07-30,dninehamnz@who.int,+33 (351) 394-1386,2020-03-31 09:59:09
865,Nate,Chezier,1998-09-27,ncheziero0@multiply.com,+260 (952) 867-3895,2021-01-26 15:43:34
866,Reggie,Clineck,2003-07-29,rclinecko1@liveinternet.ru,+7 (232) 614-4290,2018-06-21 18:31:49
867,Lynne,,1990-01-29,lpavlitscheko2@odnoklassniki.ru,+86 (473) 876-4222,2020-01-16 21:07:29
868,Donni,,1994-01-09,dwrotchfordo3@posterous.com,+33 (874) 727-0651,2020-08-14 05:40:06
869,Carlye,Bramhill,,,+86 (160) 206-0922,2018-01-17 13:52:00
870,Billi,Etherson,1990-04-08,bethersono5@google.es,+62 (652) 250-3581,2018-12-26 09:34:07
871,Emilee,Bande,1990-05-04,ebandeo6@epa.gov,+49 (558) 708-2971,2021-04-24 19:04:54
872,Marcella,Jochanany,1998-09-11,mjochananyo7@prlog.org,+1 (887) 772-7561,2020-11-04 19:42:24
873,Abbie,,1996-10-22,aingryo8@wp.com,+251 (977) 166-2323,2015-03-30 15:27:18
874,Rhetta,,1993-12-30,rcronko9@vinaora.com,+30 (465) 165-6571,2021-02-03 10:45:37
875,Kelvin,Thurske,,,+86 (166) 175-3212,2020-06-05 14:04:40
876,Husain,Trasler,2003-10-06,htraslerob@ocn.ne.jp,+7 (712) 684-0797,2017-05-03 16:49:40
877,Jonathan,Mozzi,,jmozzioc@360.cn,+504 (485) 625-0553,2018-09-08 13:46:47
878,Goraud,Bendig,1996-04-08,gbendigod@si.edu,+86 (351) 925-3426,2017-01-04 05:43:24
879,Kennith,Kuhnwald,,kkuhnwaldoe@irs.gov,+54 (599) 541-5747,2020-04-26 08:17:02
880,Cristen,Mohammad,1995-05-19,cmohammadof@marriott.com,+7 (106) 261-4386,2016-05-17 12:04:20
881,Arabelle,,2004-12-06,ajewissog@quantcast.com,+86 (908) 877-4098,2019-07-04 02:17:24
882,Godart,,1997-10-12,gelesoh@google.com.hk,+86 (937) 982-1754,2015-09-13 19:24:38
883,Darell,Goodliff,2001-04-08,dgoodliffoi@ebay.com,+86 (708) 855-4826,2019-02-25 13:43:39
884,Heidi,,1995-03-25,hmchargoj@flickr.com,+62 (419) 446-1919,2021-07-11 23:21:06
885,Sammy,Whimpenny,1997-07-07,swhimpennyok@php.net,+63 (579) 544-2919,2018-03-15 00:09:34
886,Hal,Ambrogioni,1994-03-03,hambrogioniol@geocities.jp,+1 (254) 987-7258,2017-02-12 16:39:27
887,Augustine,Zimmer,,azimmerom@linkedin.com,+976 (547) 413-2513,2018-10-10 05:40:16
888,Penn,Greiswood,,pgreiswoodon@webnode.com,+505 (541) 164-2221,2015-10-16 21:32:25
889,Martie,Wahlberg,,,+1 (431) 565-4431,2018-07-09 18:16:05
890,Lissi,Stitch,,lstitchop@t-online.de,+420 (186) 499-8185,2017-07-18 10:30:39
891,Aharon,Aspinall,1990-12-05,aaspinalloq@salon.com,+591 (260) 381-3177,2021-03-03 08:37:53
892,Conny,,1999-06-09,,+224 (975) 809-7382,2019-03-02 06:34:23
893,Bee,,,bfaintos@tripod.com,+48 (234) 746-7754,2021-05-20 18:14:47
894,Colin,Drewitt,,cdrewittot@wisc.edu,+95 (239) 246-0845,2018-11-10 12:20:13
895,Krista,Torrecilla,1992-03-16,ktorrecillaou@technorati.com,+995 (152) 414-4995,2021-07-27 13:36:45
896,Ben,Andreuzzi,1993-02-25,bandreuzziov@angelfire.com,+62 (600) 194-6271,2016-01-27 23:14:12
897,Morse,Gittins,,mgittinsow@wikia.com,+46 (324) 826-9619,2019-10-19 11:23:18
898,Tobe,Berzin,,tberzinox@ucoz.ru,+86 (764) 635-3486,2015-10-14 18:10:21
899,Janaye,,1999-03-03,jdevaaroy@soundcloud.com,+33 (350) 518-7653,2017-08-26 23:16:14
900,Quill,Del Dello,1997-08-05,qdeldellooz@spotify.com,+51 (146) 797-7649,2021-01-18 19:15:29
901,Devland,Bernardet,,,+212 (974) 610-8668,2017-09-18 09:50:34
902,Berne,Hurkett,1990-10-08,bhurkettp1@bloomberg.com,+86 (797) 895-3827,2017-10-27 02:48:17
903,Kendricks,Atkins,,katkinsp2@weibo.com,+51 (709) 829-9968,2017-03-10 12:52:12
904,Lesya,,1999-04-17,lwestellp3@dmoz.org,+63 (978) 638-7815,2016-08-29 15:52:09
905,Patricia,Pottage,1999-06-24,,+48 (531) 630-9592,2018-03-24 22:24:51
906,Dorian,,,dluipoldp5@ucsd.edu,+256 (656) 856-9079,2020-02-24 21:35:04
907,Tisha,Perceval,2000-04-28,tpercevalp6@oaic.gov.au,+44 (778) 378-2927,2018-08-31 12:20:51
908,Prentiss,,1994-08-03,ptregoningp7@usnews.com,+226 (707) 532-6298,2020-06-11 21:33:12
909,Jillian,Vautin,2002-08-28,jvautinp8@baidu.com,+242 (493) 385-4009,2020-02-17 18:43:05
910,Gran,,2001-07-22,goroanp9@narod.ru,+86 (583) 351-6890,2021-07-07 18:55:32
911,Granny,,1997-03-10,gmcgroartypa@mapy.cz,+55 (557) 772-5713,2018-09-07 08:14:18
912,Meridith,Plaskett,1995-11-20,mplaskettpb@google.de,+46 (896) 678-7128,2015-12-10 17:52:56
913,Nalani,Van Dalen,,nvandalenpc@amazon.com,+52 (657) 187-3243,2015-06-24 21:31:50
914,Britney,,1992-03-30,brachuigpd@whitehouse.gov,+63 (156) 742-8376,2015-06-14 08:39:41
915,Jaymee,St. Paul,2003-04-07,jstpaulpe@shop-pro.jp,+62 (816) 825-6827,2020-11-17 17:30:57
916,Bernardine,,2003-08-17,bcornockpf@fc2.com,+62 (836) 841-2896,2019-02-19 17:27:51
917,Bernita,,1991-10-09,berreypg@goo.ne.jp,+86 (365) 271-4558,2016-01-23 16:58:37
918,Nico,Moreno,2000-10-12,nmorenoph@ucsd.edu,+86 (889) 806-7570,2021-06-28 02:07:26
919,Norrie,,1997-12-06,nbrickseypi@java.com,+977 (400) 511-3061,2018-05-20 16:03:51
920,Aymer,Keyworth,1990-07-26,,+7 (406) 271-6183,2016-04-15 14:23:20
921,Angeline,MacGow,1991-07-13,amacgowpk@list-manage.com,+1 (520) 391-5624,2019-08-25 09:21:08
922,Henka,Fancott,1999-09-03,hfancottpl@nydailynews.com,+36 (249) 950-4905,2017-12-12 23:01:26
923,Spense,Klyn,2004-05-27,sklynpm@seattletimes.com,+62 (133) 235-4130,2018-05-17 06:21:13
924,Felice,,,,+63 (601) 941-4469,2020-10-20 21:59:52
925,Brody,Pooly,,bpoolypo@alibaba.com,+1 (915) 164-9419,2017-03-31 11:16:06
926,Brana,Fellows,,bfellowspp@ask.com,+62 (902) 563-1781,2020-01-24 19:32:26
927,Rustin,,1999-08-26,rpautepq@fema.gov,+249 (270) 389-3166,2020-05-20 15:14:18
928,Viviene,,2001-09-28,vomarkeypr@soup.io,+381 (201) 502-8214,2016-10-22 08:25:05
929,Joleen,Dubois,1999-07-13,jduboisps@blogger.com,+58 (275) 664-5666,2019-06-28 10:14:01
930,Drugi,Claybourn,1997-11-13,dclaybournpt@irs.gov,+63 (557) 269-2329,2020-12-29 16:12:47
931,Cecily,Brabben,1994-08-02,,+55 (492) 994-3519,2015-03-29 00:16:18
932,Francis,Gallety,,,+48 (621) 948-8328,2021-01-28 07:35:00
933,Derick,Yurivtsev,2004-06-20,dyurivtsevpw@google.com.br,+33 (546) 179-7207,2019-02-04 10:27:05
934,Gasper,,1996-06-12,gbaggarleypx@t.co,+46 (327) 999-8389,2021-05-22 13:02:42
935,Cristionna,Albasini,1999-09-14,calbasinipy@wordpress.org,+375 (901) 665-1470,2019-11-23 23:51:37
936,Keefe,Baversor,,kbaversorpz@biglobe.ne.jp,+46 (113) 753-9154,2019-09-10 17:33:30
937,Clark,Pavitt,,cpavittq0@engadget.com,+62 (759) 434-0044,2019-06-28 11:44:17
938,Jude,Helmke,2004-08-04,jhelmkeq1@pagesperso-orange.fr,+380 (269) 880-6057,2016-02-17 15:48:46
939,Greg,Turfrey,1997-03-05,gturfreyq2@mozilla.org,+62 (407) 928-7944,2020-06-25 13:12:27
940,Laure,Budnk,2002-10-08,lbudnkq3@forbes.com,+63 (847) 707-8909,2018-08-09 10:03:05
941,Urson,Sheasby,1993-07-18,usheasbyq4@rakuten.co.jp,+62 (831) 164-8221,2016-04-25 11:17:44
942,Elset,,1995-03-11,epatnelliq5@toplist.cz,+86 (814) 439-9203,2016-05-05 19:31:18
943,Jonell,Clowney,,jclowneyq6@biblegateway.com,+62 (916) 577-7964,2017-09-13 23:40:09
944,Gunner,Wernher,2003-03-10,gwernherq7@hud.gov,+230 (610) 271-2884,2016-12-04 11:50:44
945,Wallas,Cranna,1998-10-11,wcrannaq8@istockphoto.com,+44 (848) 597-2030,2015-11-10 19:38:53
946,Jo,Ivankovic,,jivankovicq9@zimbio.com,+86 (752) 170-9954,2019-09-26 21:19:36
947,Dorene,,,dchubbqa@woothemes.com,+52 (186) 207-6390,2016-04-24 03:41:57
948,Aviva,Storror,1994-05-22,astorrorqb@bluehost.com,+31 (683) 123-0080,2018-09-01 08:29:35
949,Lyda,,,lspottiswoodeqc@google.com.br,+57 (500) 642-2597,2017-02-09 08:09:34
950,Waylen,Reisenstein,,wreisensteinqd@seattletimes.com,+63 (595) 878-2724,2018-02-08 08:51:14
951,Pet,,2004-06-17,,+389 (922) 179-5401,2017-05-06 02:44:17
952,Kane,Bernardot,,kbernardotqf@apache.org,+46 (579) 588-2643,2019-04-23 20:41:56
953,Noel,Romayn,1996-07-07,nromaynqg@devhub.com,+33 (718) 579-4525,2015-01-07 10:15:07
954,Udell,Frawley,2004-04-02,,+27 (808) 987-7665,2016-01-01 07:22:08
955,Kipp,Downer,2001-03-23,kdownerqi@nasa.gov,+62 (979) 875-2393,2018-05-06 09:27:16
956,Stanislas,,1990-03-10,sdikleqj@seesaa.net,+60 (929) 387-9665,2018-10-15 22:14:43
957,Maitilde,Heinritz,,mheinritzqk@fema.gov,+420 (596) 273-4620,2015-04-02 18:31:45
958,Mirabelle,Ropert,1997-04-06,,+86 (920) 159-7861,2018-07-27 12:47:01
959,Brett,Wapplington,2002-07-04,bwapplingtonqm@vkontakte.ru,+351 (574) 982-5181,2016-02-29 08:55:57
960,Ash,Islip,,aislipqn@soundcloud.com,+62 (699) 930-1257,2017-11-29 14:10:21
961,Kahlil,Pudsey,1994-09-15,kpudseyqo@purevolume.com,+63 (900) 572-7297,2018-02-04 16:34:00
962,Boote,Matejovsky,,bmatejovskyqp@geocities.jp,+31 (642) 847-6480,2019-01-27 14:36:21
963,Fanny,,1996-05-09,fgoodeqq@uol.com.br,+62 (414) 140-1464,2018-12-02 07:11:57
964,Josefa,Dielhenn,2000-05-31,jdielhennqr@geocities.com,+86 (156) 266-0652,2019-02-03 00:37:10
965,Dorena,Formby,2003-09-20,dformbyqs@forbes.com,+7 (333) 258-1745,2019-02-24 19:24:42
966,Garnet,Skeat,,gskeatqt@nymag.com,+383 (645) 950-4961,2021-09-09 16:01:08
967,Cher,Thridgould,,cthridgouldqu@prnewswire.com,+86 (534) 542-1660,2016-02-26 05:10:23
968,Diane,,2001-09-02,dabateqv@diigo.com,+353 (239) 100-8010,2017-09-30 18:56:07
969,Cordie,O'Hannen,1999-05-19,,+227 (999) 240-2791,2020-04-30 11:25:14
970,Elmira,Buntin,2001-10-16,ebuntinqx@umich.edu,+62 (943) 210-5166,2017-07-04 14:47:52
971,Sadye,Kisting,1998-12-29,skistingqy@businesswire.com,+231 (211) 405-9135,2017-10-09 15:01:03
972,Yorker,Cluderay,1997-03-01,ycluderayqz@nytimes.com,+86 (785) 184-3797,2021-04-08 20:18:25
973,Betti,,1997-05-22,bloffelr0@blogtalkradio.com,+57 (383) 397-2961,2021-08-05 00:23:17
974,Wynnie,Gelletly,,,+7 (559) 488-8948,2018-01-02 22:14:08
975,Wyndham,Bein,,wbeinr2@phpbb.com,+374 (231) 700-0326,2017-08-22 15:56:51
976,Far,Vaines,,fvainesr3@jiathis.com,+47 (446) 664-8792,2018-05-22 20:40:04
977,Howard,Sawers,1992-03-08,hsawersr4@reverbnation.com,+233 (657) 596-5710,2018-07-25 10:04:59
978,Yanaton,Patshull,,ypatshullr5@uol.com.br,+33 (266) 170-3453,2020-06-02 15:51:49
979,Shaun,,1992-07-31,sbeddoer6@eventbrite.com,+62 (942) 255-5614,2019-10-09 22:10:24
980,Lori,Kelley,,,+46 (711) 234-5566,2020-09-08 21:58:30
981,Brittne,Chidley,1994-12-28,,+48 (620) 280-5641,2019-05-09 17:55:32
982,Jermaine,Tythacott,1991-05-19,jtythacottr9@samsung.com,+1 (196) 421-2008,2017-10-16 09:10:49
983,Karlene,Freeburn,2000-04-28,kfreeburnra@sun.com,+57 (675) 187-2804,2018-08-03 21:18:04
984,Cecilla,Bakey,1999-09-13,cbakeyrb@icq.com,+389 (721) 308-6438,2019-08-22 10:24:21
985,Agnese,Peers,1991-06-22,apeersrc@salon.com,+30 (426) 799-3003,2015-05-06 21:51:12
986,Joelynn,Eddison,1992-09-28,,+963 (749) 654-4554,2016-07-03 02:55:18
987,Petey,,1993-01-17,pfruserre@google.it,+86 (173) 464-9660,2017-08-19 02:16:27
988,Elliott,Schoenrock,,eschoenrockrf@biglobe.ne.jp,+55 (825) 860-1117,2016-02-20 08:35:28
989,Sheeree,,1993-12-30,,+54 (983) 445-1512,2019-10-30 02:23:37
990,Eleen,Lanfere,2002-01-18,,+63 (894) 441-5468,2018-10-29 16:39:12
991,Harlan,,,,+63 (913) 770-8284,2021-08-24 19:52:25
992,Berk,Ivetts,1994-06-17,bivettsrj@geocities.com,+351 (950) 257-5423,2019-01-26 00:09:57
993,Leia,Comini,1992-09-03,lcominirk@ifeng.com,+51 (831) 897-0504,2019-03-16 04:08:30
994,De,Ganforth,2004-06-12,dganforthrl@bbc.co.uk,+86 (739) 808-4898,2018-01-21 11:05:39
995,Harley,Arthur,2002-02-13,,+976 (642) 819-7477,2016-10-30 21:03:52
996,Yanaton,Brumbie,1993-03-21,ybrumbiern@phoca.cz,+55 (723) 730-7965,2017-10-02 13:31:01
997,Nedi,Baudou,,nbaudouro@pagesperso-orange.fr,+966 (557) 795-6744,2015-11-16 22:36:16
998,Crin,,2001-07-30,cpietrirp@webs.com,+81 (530) 947-0175,2019-01-21 19:44:57
999,Erek,Bamb,1999-04-08,ebambrq@dion.ne.jp,+221 (849) 732-0517,2021-04-20 15:35:00
1000,Nonie,Clears,,nclearsrr@clickbank.net,+86 (976) 353-4270,2016-10-24 02:41:23
