1,Zebulen,Gerrell,2019-02-18,1964-10-26,2.9,20787,zgerrell0@ebay.co.uk,+27 (463) 571-9572
2,Alister,Probat,2018-02-15,1997-08-04,1.7,19054,aprobat1@imageshack.us,+86 (993) 840-7440
3,Henriette,Goodred,2020-09-04,1997-04-05,1.4,20453,hgoodred2@vkontakte.ru,+356 (409) 231-3814
4,Merrielle,Wolverson,2019-12-18,1993-05-07,4.1,22188,mwolverson3@washingtonpost.com,+420 (904) 673-3631
5,Jonis,Filip,2020-08-20,1983-07-19,2.2,27196,jfilip4@github.io,+57 (544) 919-4075
6,Evelyn,Camosso,2017-06-21,1992-09-18,0.8,22669,ecamosso5@cloudflare.com,+55 (657) 208-3145
7,Sherri,Darter,2018-09-13,1980-09-15,0.5,17014,sdarter6@domainmarket.com,+7 (818) 525-2411
8,Alex,Bryant,2017-03-13,1993-06-03,4.5,20915,abryant7@nymag.com,+60 (382) 756-6571
9,Gustavus,Wardrope,2020-07-20,1981-06-06,3.6,28018,gwardrope8@hud.gov,+63 (810) 616-9025
10,Krystal,Leborgne,2018-08-05,1983-07-07,1.8,17122,kleborgne9@printfriendly.com,+86 (929) 594-7406
11,Joela,Lawrenson,2020-08-21,1962-06-21,4.9,22437,jlawrensona@xinhuanet.com,+63 (442) 264-8433
12,Peter,Bartoszewicz,2020-12-31,1972-08-10,0.2,21250,pbartoszewiczb@weibo.com,+251 (879) 316-6592
13,Ferdinanda,Mantripp,2019-07-23,1968-02-08,3.4,21249,fmantrippc@businessinsider.com,+970 (830) 462-6937
14,Sapphire,Meddick,2016-12-17,1992-08-07,2.5,16296,smeddickd@prnewswire.com,+52 (509) 853-3608
15,Kathye,Wharby,2015-12-17,1961-08-23,0.4,27297,kwharbye@prweb.com,+86 (284) 821-1870
16,Preston,Whitear,2018-07-09,1991-11-06,3.0,28039,pwhitearf@china.com.cn,+66 (639) 737-7073
17,Sal,Crole,2020-03-02,1979-05-03,1.2,29334,scroleg@mashable.com,+62 (977) 498-2353
18,Tomas,Langrick,2020-06-05,1970-03-14,0.2,22982,tlangrickh@godaddy.com,+81 (439) 318-9706
19,Charlene,Crombie,2018-08-12,1972-04-10,0.8,29523,ccrombiei@delicious.com,+55 (623) 528-3640
20,Tiphany,Dunnett,2018-11-15,1995-09-15,4.8,22667,tdunnettj@google.ca,+33 (853) 949-9036
21,Bevvy,Snoxill,2018-12-23,1987-07-25,2.0,17380,bsnoxillk@arizona.edu,+55 (564) 279-5671
22,Arabele,Jiroutek,2020-07-16,1993-08-01,3.3,25454,ajiroutekl@vinaora.com,+386 (916) 708-2600
23,Thornie,Firmage,2017-04-10,1994-08-03,2.9,27109,tfirmagem@hexun.com,+358 (776) 656-4296
24,Derward,Crofthwaite,2018-01-29,1975-03-01,1.2,19128,dcrofthwaiten@simplemachines.org,+505 (715) 146-5699
25,Udall,Skace,2021-06-13,1967-12-19,3.5,26185,uskaceo@salon.com,+689 (389) 801-5160
26,Devina,Kettell,2019-04-28,1974-06-07,4.6,29065,dkettellp@shareasale.com,+46 (856) 119-5012
27,Marwin,Merriment,2017-03-29,1969-12-06,3.2,26798,mmerrimentq@macromedia.com,+86 (745) 697-6983
28,Cull,Sharnock,2017-04-21,1969-09-29,0.3,19535,csharnockr@psu.edu,+86 (213) 999-2964
29,Gabbie,Grieve,2017-09-24,1992-11-16,3.4,24180,ggrieves@yelp.com,+261 (873) 514-8523
30,Gaspar,Van Ross,2018-10-07,2001-05-22,2.3,15336,gvanrosst@plala.or.jp,+7 (986) 386-8456
31,Nicky,Cheek,2017-08-06,1964-04-15,4.6,22083,ncheeku@devhub.com,+33 (391) 117-1415
32,Kaylil,Bury,2018-10-01,1999-11-05,1.3,19956,kburyv@wufoo.com,+86 (276) 695-9945
33,Collen,Veelers,2021-05-28,1998-09-29,1.6,18714,cveelersw@reference.com,+62 (451) 453-2819
34,Page,Growcock,2019-10-10,1981-01-08,4.4,19657,pgrowcockx@oracle.com,+62 (580) 430-0150
35,Kimberlyn,Ault,2018-06-17,1966-10-20,2.3,16078,kaulty@4shared.com,+93 (794) 703-8833
36,Clark,Guess,2018-04-29,1987-09-03,1.7,15647,cguessz@stumbleupon.com,+33 (413) 572-6426
37,Tallie,Chapleo,2019-06-21,1965-09-07,1.3,27989,tchapleo10@google.co.uk,+93 (186) 552-4936
38,Denise,Ellershaw,2016-09-02,1996-07-19,1.7,26141,dellershaw11@themeforest.net,+86 (921) 217-2560
39,Giana,Bremmell,2021-02-02,1962-03-24,1.1,16249,gbremmell12@yahoo.com,+86 (221) 237-4552
40,Stan,Tommeo,2015-11-08,1965-12-09,3.8,23925,stommeo13@bluehost.com,+62 (961) 592-5968
41,Nan,Bockman,2015-11-27,1987-02-11,1.2,22925,nbockman14@goo.ne.jp,+1 (883) 817-4656
42,Alanah,Bartelli,2018-10-22,1967-03-12,0.9,15865,abartelli15@clickbank.net,+86 (119) 547-8481
43,Carolin,Lowerson,2017-10-05,1991-01-06,4.3,26340,clowerson16@vkontakte.ru,+269 (591) 124-2996
44,Zarla,Bowden,2017-09-15,1969-06-26,2.0,16651,zbowden17@soundcloud.com,+93 (390) 854-0422
45,Fredric,McKernan,2018-10-13,1993-07-08,1.6,17638,fmckernan18@businessinsider.com,+386 (940) 729-9871
46,Winny,Tabourin,2021-05-25,2002-04-28,2.6,24471,wtabourin19@ted.com,+420 (920) 448-8628
47,Any,Garnar,2019-05-18,1994-07-30,2.8,15784,agarnar1a@example.com,+86 (242) 212-1404
48,Floria,Fenimore,2016-08-31,1995-10-13,2.5,29608,ffenimore1b@ovh.net,+62 (306) 262-4530
49,Merralee,Aymer,2021-08-09,1975-02-17,4.3,16416,maymer1c@unc.edu,+86 (124) 817-9015
50,Bobbye,Vignal,2017-07-30,1972-10-24,3.6,25129,bvignal1d@ask.com,+370 (619) 969-7502
51,Eric,Valente,2018-09-09,1994-08-22,3.7,21181,evalente1e@sohu.com,+374 (217) 693-8699
52,Mathilde,Ubsdell,2017-08-24,1969-07-28,3.9,24120,mubsdell1f@huffingtonpost.com,+1 (614) 503-5719
53,Mora,Rylstone,2019-01-20,1989-09-19,4.6,27838,mrylstone1g@cdc.gov,+56 (920) 495-4855
54,Doloritas,Forster,2020-08-24,1992-10-20,1.8,24762,dforster1h@pinterest.com,+49 (475) 162-4481
55,Emmet,Matchitt,2017-08-10,1986-08-18,3.5,16119,ematchitt1i@bloglovin.com,+251 (594) 775-9415
56,Ferne,Larwood,2018-04-07,1982-11-15,2.0,29471,flarwood1j@yellowbook.com,+63 (194) 761-6780
57,Trumaine,Olexa,2016-11-06,1993-08-26,3.4,17363,tolexa1k@wsj.com,+46 (538) 930-8691
58,Mari,Frenchum,2016-07-08,1985-05-26,2.3,15587,mfrenchum1l@cbsnews.com,+58 (873) 500-1271
59,Alexa,Klimmek,2016-05-20,1964-11-12,3.4,29632,aklimmek1m@homestead.com,+63 (830) 253-7630
60,Ola,Cruft,2021-07-17,1971-08-29,1.2,27157,ocruft1n@networksolutions.com,+237 (253) 985-2004
61,Iorgos,Mohammad,2017-05-28,1981-02-27,3.7,18693,imohammad1o@reddit.com,+251 (538) 599-8496
62,Elvera,Trice,2019-12-18,1979-09-23,5.0,17957,etrice1p@addtoany.com,+385 (402) 389-5075
63,Salim,Wevell,2018-07-29,2001-07-20,4.6,27414,swevell1q@oaic.gov.au,+63 (570) 595-3846
64,Cherianne,McGarvey,2021-08-11,2001-12-18,3.1,17480,cmcgarvey1r@soundcloud.com,+86 (370) 207-5268
65,Lockwood,Keitch,2018-06-12,1990-01-26,3.5,15650,lkeitch1s@google.ca,+46 (928) 677-8726
66,Keri,Bound,2016-08-06,1973-09-30,0.3,15402,kbound1t@altervista.org,+84 (925) 100-2801
67,Christiane,Dencs,2020-07-20,1986-08-16,0.8,27273,cdencs1u@taobao.com,+47 (698) 691-1463
68,Dido,Benoist,2016-03-17,1984-06-15,3.0,17759,dbenoist1v@npr.org,+86 (787) 137-6856
69,Agnella,Ebbles,2017-08-09,1974-12-10,3.8,19953,aebbles1w@phoca.cz,+52 (848) 167-5229
70,Suzie,McCray,2015-10-02,1962-12-23,1.2,22668,smccray1x@ed.gov,+54 (536) 784-3147
71,Cynthie,Coslitt,2019-06-08,1965-11-01,0.7,15664,ccoslitt1y@infoseek.co.jp,+420 (111) 676-6593
72,Myrna,Phillippo,2017-08-20,1979-08-16,1.9,17228,mphillippo1z@answers.com,+81 (421) 365-8296
73,Clemence,Middlemist,2021-06-19,1980-05-27,4.7,15220,cmiddlemist20@wikipedia.org,+380 (121) 773-1580
74,Jake,Otson,2019-07-18,1997-02-09,2.1,28128,jotson21@eepurl.com,+62 (281) 458-3883
75,Byram,Holyland,2016-04-14,2001-12-31,4.7,19690,bholyland22@people.com.cn,+1 (779) 643-1436
76,Gabby,Orknay,2019-12-03,1967-06-07,0.8,27245,gorknay23@creativecommons.org,+63 (748) 134-4760
77,Kermie,Perfili,2021-07-12,1973-12-13,0.4,17943,kperfili24@hexun.com,+62 (903) 616-9519
78,Vin,Pleager,2019-06-26,1981-11-06,4.7,16656,vpleager25@ow.ly,+55 (616) 627-3738
79,Nancey,Doone,2017-09-06,1964-06-09,4.5,16868,ndoone26@nih.gov,+51 (481) 208-1270
80,Syd,Beadman,2017-09-07,1966-12-24,1.1,21794,sbeadman27@360.cn,+48 (695) 977-4816
81,Veronica,Marchington,2016-01-07,1963-10-15,1.1,25236,vmarchington28@simplemachines.org,+81 (879) 954-1860
82,Tull,Le Bosse,2017-09-09,1964-02-25,2.6,24017,tlebosse29@disqus.com,+51 (983) 146-4780
83,Sally,Deakins,2016-05-09,1968-07-22,2.5,22172,sdeakins2a@columbia.edu,+27 (218) 796-3993
84,Marlowe,Dwelly,2015-12-29,1991-08-31,0.9,20074,mdwelly2b@amazonaws.com,+86 (639) 346-1548
85,Tarra,Peace,2017-01-10,1985-06-20,3.9,28885,tpeace2c@gizmodo.com,+7 (540) 553-4077
86,Rudolfo,MacShane,2019-02-27,1986-09-20,2.3,29953,rmacshane2d@latimes.com,+358 (947) 254-5595
87,Jobey,Pearl,2019-02-28,1990-04-02,1.9,23903,jpearl2e@goodreads.com,+62 (995) 298-3263
88,Basia,Ariss,2018-05-29,1965-10-23,1.2,21528,bariss2f@go.com,+33 (243) 416-3596
89,Gian,Giorgeschi,2021-07-03,1983-03-14,2.0,17751,ggiorgeschi2g@bloomberg.com,+81 (670) 283-1711
90,Olwen,Keedy,2016-06-17,1981-10-18,0.9,15698,okeedy2h@vimeo.com,+351 (937) 758-9318
91,Gilly,Arling,2018-01-03,1983-01-21,1.8,29750,garling2i@netvibes.com,+48 (998) 644-3648
92,Jolynn,Harston,2020-06-16,1997-09-21,2.7,21179,jharston2j@cpanel.net,+48 (696) 357-4036
93,Rourke,Vouls,2021-06-28,1976-02-03,1.8,23115,rvouls2k@businesswire.com,+351 (433) 846-3612
94,Nevins,Mottershaw,2016-05-03,1996-08-13,1.7,18935,nmottershaw2l@skyrock.com,+86 (754) 651-8951
95,Jaynell,Minchell,2016-03-18,1978-10-05,4.1,29145,jminchell2m@google.ca,+7 (844) 125-5467
96,Lani,De Miranda,2020-03-23,1969-01-01,2.1,16059,ldemiranda2n@sphinn.com,+502 (857) 631-7872
97,Napoleon,Iltchev,2018-01-08,1983-01-07,4.2,24966,niltchev2o@google.cn,+39 (760) 424-1235
98,Roseanna,Mucklestone,2016-01-07,1973-12-20,1.5,22367,rmucklestone2p@dion.ne.jp,+374 (345) 520-9933
99,Skippy,Heugh,2016-02-16,1997-03-30,2.0,27146,sheugh2q@sohu.com,+66 (281) 899-1493
100,Beauregard,Hansana,2018-04-10,1982-02-05,0.1,18349,bhansana2r@is.gd,+351 (547) 654-6557
101,Lyndsey,Berntssen,2019-09-22,1985-01-30,4.1,28177,lberntssen2s@indiegogo.com,+1 (501) 653-6760
102,Moritz,Collard,2016-05-02,1978-05-26,2.2,24785,mcollard2t@google.de,+86 (776) 378-1261
103,Adrianne,Fernanando,2020-03-19,2000-10-14,4.7,25094,afernanando2u@apache.org,+52 (764) 220-9553
104,Matt,Worsham,2016-02-03,1992-11-04,4.2,24410,mworsham2v@umn.edu,+62 (410) 892-8939
105,Andeee,Sibbson,2020-05-27,1973-10-24,0.3,18590,asibbson2w@buzzfeed.com,+48 (459) 443-6449
106,Duff,Buche,2016-01-02,1999-02-13,4.3,15439,dbuche2x@intel.com,+7 (222) 955-6154
107,Tessi,Dagon,2020-01-24,1980-01-08,1.5,19736,tdagon2y@si.edu,+86 (495) 983-2300
108,Barrie,Stotherfield,2016-06-23,1966-09-09,0.7,20182,bstotherfield2z@europa.eu,+420 (503) 263-6668
109,Lonny,Calcraft,2021-07-14,1981-02-10,2.5,25160,lcalcraft30@cbsnews.com,+62 (753) 695-1185
110,Corina,Wrintmore,2016-08-29,1998-08-02,0.3,27194,cwrintmore31@scribd.com,+86 (413) 333-8364
111,Christabel,Matzel,2017-12-01,1993-02-22,1.3,27884,cmatzel32@ox.ac.uk,+82 (710) 225-7805
112,Rodolphe,Standell,2020-04-25,1961-11-22,2.4,25510,rstandell33@cnn.com,+46 (979) 862-5083
113,Pris,Idle,2020-08-02,1984-11-26,4.6,16552,pidle34@netscape.com,+55 (239) 538-5844
114,Leyla,Lovett,2019-07-24,1965-10-04,4.3,25361,llovett35@fda.gov,+86 (953) 636-2314
115,Tyne,Housecraft,2016-11-05,2000-08-18,1.7,16927,thousecraft36@businessinsider.com,+86 (457) 391-5710
116,Sheela,Madle,2020-09-07,1997-08-14,0.8,23822,smadle37@mtv.com,+62 (728) 933-5689
117,Florella,Whyborne,2020-02-26,1971-02-02,2.7,23405,fwhyborne38@blogger.com,+48 (785) 791-4823
118,Meriel,Scheffel,2021-03-24,1966-11-28,2.1,28772,mscheffel39@digg.com,+507 (271) 302-4271
119,Reed,MacLaughlin,2019-01-13,1974-08-10,0.3,24856,rmaclaughlin3a@upenn.edu,+86 (529) 502-1037
120,Joshia,McIlmorow,2017-08-06,2000-03-29,3.4,26182,jmcilmorow3b@goodreads.com,+86 (478) 452-5258
121,Karita,Crebott,2018-02-01,1991-10-31,3.8,24643,kcrebott3c@dmoz.org,+51 (705) 868-2081
122,Petronille,Peirpoint,2019-11-13,1981-05-08,3.8,17954,ppeirpoint3d@ox.ac.uk,+86 (525) 421-5470
123,Bertrand,Dedden,2020-12-04,1984-12-25,3.2,19944,bdedden3e@bravesites.com,+66 (448) 639-2932
124,Roscoe,Brear,2020-02-16,1998-09-28,1.7,21091,rbrear3f@cnet.com,+27 (870) 893-9282
125,Bridgette,Lower,2017-11-30,1971-02-14,1.5,23333,blower3g@thetimes.co.uk,+86 (347) 660-1239
126,Carree,Girard,2020-09-18,1994-03-21,1.2,22456,cgirard3h@washington.edu,+358 (515) 171-5945
127,Codie,Cassie,2021-06-20,1993-01-25,5.0,23320,ccassie3i@psu.edu,+7 (463) 533-5156
128,Barnabas,Jakubovics,2020-04-10,1991-10-22,4.6,19854,bjakubovics3j@nps.gov,+374 (590) 343-6656
129,Bibi,Hansmann,2015-10-11,1998-07-24,3.0,15399,bhansmann3k@pcworld.com,+54 (470) 193-5140
130,Joyous,Harral,2020-03-07,1985-11-21,3.2,29504,jharral3l@cnbc.com,+242 (109) 158-5704
131,Daisie,Goggey,2019-10-15,1990-03-18,1.2,19108,dgoggey3m@hugedomains.com,+63 (151) 844-7584
132,Terrell,Hankinson,2020-10-13,1984-06-11,3.1,27454,thankinson3n@mayoclinic.com,+56 (180) 336-6837
133,Cyrus,Woodyer,2018-09-21,2000-09-14,4.5,28948,cwoodyer3o@stumbleupon.com,+63 (846) 466-6438
134,Lanette,Abate,2018-08-04,1978-02-28,3.4,16086,labate3p@army.mil,+48 (199) 983-2797
135,Dahlia,Buckenhill,2019-05-24,1976-06-07,3.9,15386,dbuckenhill3q@dot.gov,+375 (379) 448-2800
136,Zacharias,Signorelli,2018-08-19,1997-01-22,1.3,20753,zsignorelli3r@cpanel.net,+98 (459) 208-0960
137,Faydra,Mutimer,2018-08-12,1994-11-23,1.1,22755,fmutimer3s@icq.com,+1 (582) 671-2329
138,Juliane,Mugridge,2018-12-17,1963-01-30,3.0,26580,jmugridge3t@sphinn.com,+63 (436) 112-0944
139,Izabel,Magarrell,2015-11-08,1986-07-29,4.6,16447,imagarrell3u@samsung.com,+1 (520) 517-1965
140,Alic,Wyatt,2021-06-03,1970-10-14,0.2,22233,awyatt3v@nationalgeographic.com,+52 (169) 832-4816
141,Kennith,Gottelier,2020-03-24,1967-01-18,5.0,17845,kgottelier3w@issuu.com,+225 (771) 624-9583
142,Merralee,Dillinger,2018-04-12,1987-05-26,1.9,26917,mdillinger3x@histats.com,+591 (395) 468-3639
143,Cinnamon,Goldstone,2021-05-04,1986-10-19,0.3,16980,cgoldstone3y@techcrunch.com,+55 (953) 664-2225
144,Clarey,Grain,2018-11-10,1978-05-10,4.4,25756,cgrain3z@furl.net,+52 (245) 515-3880
145,Vassili,O' Driscoll,2016-06-12,1962-05-21,2.4,20809,vodriscoll40@toplist.cz,+86 (900) 942-2687
146,Ringo,Millery,2018-07-26,1988-03-22,4.8,27428,rmillery41@storify.com,+66 (289) 668-4018
147,Dede,Badrick,2017-06-09,1982-09-19,0.3,29177,dbadrick42@newyorker.com,+84 (804) 380-8167
148,Ulrick,Rosthorn,2018-05-19,1998-03-12,0.8,24098,urosthorn43@goo.gl,+62 (237) 405-4758
149,Benny,Garside,2020-06-27,1972-11-22,1.8,17509,bgarside44@rediff.com,+62 (445) 910-7442
150,Lindi,Waddams,2019-04-03,1964-01-23,2.3,26037,lwaddams45@skype.com,+1 (760) 343-8827
151,Grenville,Luto,2020-09-30,1989-05-25,2.6,24283,gluto46@mashable.com,+86 (513) 567-3913
152,Fifi,Roycraft,2019-09-03,2002-05-04,3.9,22271,froycraft47@umn.edu,+81 (611) 714-7036
153,Nathaniel,Druce,2020-04-09,1984-07-10,4.3,21130,ndruce48@boston.com,+351 (284) 432-3785
154,Kitty,Ismay,2018-02-06,1986-11-30,0.8,25762,kismay49@twitter.com,+56 (701) 609-5460
155,Sashenka,Mergue,2021-02-16,1995-05-31,3.4,27766,smergue4a@uol.com.br,+380 (579) 799-8785
156,Sari,Gammel,2020-03-10,1992-09-04,1.0,20124,sgammel4b@dion.ne.jp,+994 (355) 406-1507
157,Lisetta,Amori,2019-07-08,1990-08-01,2.2,22782,lamori4c@kickstarter.com,+86 (512) 549-8933
158,Rocky,Branni,2017-09-24,1970-05-18,3.5,24047,rbranni4d@aol.com,+234 (220) 850-6857
159,Layney,Mitkcov,2018-12-16,1973-07-27,3.7,17049,lmitkcov4e@answers.com,+7 (610) 997-8197
160,Kin,Cunney,2017-10-26,1972-01-17,3.7,19247,kcunney4f@gizmodo.com,+86 (859) 761-2043
161,Quentin,Cowhig,2020-05-26,1986-01-04,4.5,27545,qcowhig4g@technorati.com,+86 (582) 220-3539
162,Averil,Brazil,2017-05-01,1995-06-11,2.4,15861,abrazil4h@bluehost.com,+86 (555) 500-5223
163,Steffi,Rosthorn,2017-11-25,2002-09-07,1.4,25422,srosthorn4i@desdev.cn,+234 (636) 221-3232
164,Joye,Berceros,2019-04-26,1967-09-21,2.9,19184,jberceros4j@bloglines.com,+62 (416) 906-2848
165,Latrina,Estabrook,2019-07-28,1989-02-03,2.3,22281,lestabrook4k@hostgator.com,+55 (844) 169-1596
166,Micheline,Hinckley,2019-11-17,1993-09-13,1.2,17286,mhinckley4l@sciencedaily.com,+509 (665) 999-6302
167,Marsha,Jayes,2016-02-25,1968-11-12,1.2,15436,mjayes4m@yellowpages.com,+63 (690) 171-7793
168,Isidore,Peyes,2020-05-10,1968-06-07,3.9,15768,ipeyes4n@mayoclinic.com,+970 (462) 351-4220
169,Adara,Kalf,2018-04-19,1972-10-15,1.0,29637,akalf4o@ed.gov,+995 (636) 166-5313
170,Pris,Rogerson,2017-12-09,1994-11-17,2.5,29303,progerson4p@wufoo.com,+591 (778) 422-5625
171,Franzen,Spain,2021-02-07,1974-08-21,0.5,17816,fspain4q@t-online.de,+63 (739) 739-5226
172,Idette,Graysmark,2021-02-19,1973-11-22,4.5,18201,igraysmark4r@nature.com,+62 (187) 654-0346
173,Marcella,Houtby,2018-01-09,1987-01-22,0.4,28705,mhoutby4s@exblog.jp,+48 (600) 174-9475
174,Yorker,Trimme,2021-03-15,1968-01-13,1.0,24750,ytrimme4t@google.com,+86 (757) 251-5099
175,Jocko,Pirdue,2020-01-18,1998-08-16,3.4,16903,jpirdue4u@gnu.org,+1 (745) 356-5661
176,Lark,Domm,2021-07-25,1971-01-08,0.1,24053,ldomm4v@bigcartel.com,+86 (132) 398-8367
177,Maridel,Denerley,2018-09-11,1980-07-09,2.4,22573,mdenerley4w@weather.com,+598 (401) 655-2995
178,Haven,Cordy,2018-01-15,1989-10-18,3.6,22793,hcordy4x@free.fr,+218 (466) 150-2359
179,Dorice,Maddrell,2017-08-22,1979-09-19,1.8,21220,dmaddrell4y@icq.com,+63 (815) 764-2559
180,Natasha,Robez,2016-12-12,1988-06-21,4.4,27350,nrobez4z@toplist.cz,+86 (890) 274-0404
181,Killie,Andersen,2015-09-18,1994-04-18,0.5,23413,kandersen50@soundcloud.com,+7 (673) 892-8318
182,Umeko,Edgeller,2021-01-04,1990-03-04,5.0,16755,uedgeller51@auda.org.au,+1 (366) 432-0421
183,Laird,Tweede,2018-12-23,1978-03-09,3.5,26666,ltweede52@hatena.ne.jp,+86 (983) 994-5199
184,Flossie,Jeckells,2021-08-16,1995-08-02,3.8,29373,fjeckells53@howstuffworks.com,+63 (125) 303-1474
185,Janessa,Robertucci,2020-07-13,1962-09-03,2.9,28273,jrobertucci54@unesco.org,+351 (258) 197-4676
186,Eilis,Dannehl,2019-10-01,1981-11-01,3.5,17092,edannehl55@java.com,+62 (725) 510-0960
187,Lee,Pluck,2017-03-04,1978-07-21,0.6,22130,lpluck56@vk.com,+81 (689) 987-6276
188,Abbi,Dionsetti,2016-07-20,1976-10-30,2.5,18598,adionsetti57@godaddy.com,+86 (649) 599-7808
189,Allys,Camplejohn,2020-02-09,1974-11-12,0.7,17665,acamplejohn58@princeton.edu,+242 (263) 927-2856
190,Maybelle,Stopp,2016-02-13,1987-07-09,1.5,19037,mstopp59@loc.gov,+86 (858) 259-9740
191,Dannye,Barthot,2016-06-11,1997-08-20,4.4,15625,dbarthot5a@msn.com,+20 (168) 225-2994
192,Loren,Kepp,2017-06-28,1987-12-24,2.3,25095,lkepp5b@bbc.co.uk,+353 (168) 308-6969
193,Olva,Cheater,2016-03-20,1995-04-08,2.7,25719,ocheater5c@ca.gov,+54 (965) 841-8531
194,Sharron,Hastler,2020-09-27,1989-08-15,0.9,21861,shastler5d@skype.com,+86 (305) 701-2546
195,Martin,Matches,2017-02-22,1966-09-06,3.9,27499,mmatches5e@bizjournals.com,+62 (921) 982-3009
196,Worthy,Ort,2020-10-08,1995-11-24,2.8,18343,wort5f@ucoz.ru,+30 (894) 928-0463
197,Griffie,Dand,2018-01-25,1983-12-31,0.3,15082,gdand5g@canalblog.com,+49 (223) 921-6762
198,Kimmi,Behnecke,2017-07-12,1986-11-14,4.6,29512,kbehnecke5h@irs.gov,+261 (671) 128-4915
199,Vin,Ralphs,2016-08-12,1993-12-31,3.6,29149,vralphs5i@chronoengine.com,+62 (959) 642-6412
200,Shauna,Baty,2020-12-03,2002-08-13,0.1,16834,sbaty5j@nasa.gov,+7 (439) 248-1407
201,Meggy,Selvester,2020-03-22,1966-06-08,3.6,21451,mselvester5k@youku.com,+54 (626) 724-2096
202,Verney,Jasik,2017-08-22,1963-12-25,3.9,26591,vjasik5l@de.vu,+48 (555) 252-3742
203,Carissa,Dowty,2018-03-03,1971-10-20,1.5,19437,cdowty5m@alexa.com,+963 (868) 461-0892
204,Dulce,Dowse,2017-02-03,1992-04-21,4.3,19882,ddowse5n@joomla.org,+57 (602) 998-4835
205,Yank,Capell,2017-07-23,1981-10-23,4.0,23277,ycapell5o@com.com,+351 (453) 412-9794
206,Andros,Simmens,2015-12-15,1992-05-02,4.2,15252,asimmens5p@tmall.com,+86 (949) 685-9281
207,Averyl,Steanson,2019-05-03,1962-01-13,4.3,24589,asteanson5q@tinypic.com,+62 (587) 661-4654
208,Mannie,Durek,2017-01-05,1972-05-01,4.4,25547,mdurek5r@fda.gov,+86 (437) 719-2147
209,Livia,Caret,2018-12-13,2002-03-12,2.6,15626,lcaret5s@cisco.com,+46 (926) 272-2297
210,Jeanette,Lum,2021-08-16,1961-11-17,4.9,28119,jlum5t@un.org,+55 (537) 701-3443
211,Camellia,Gray,2017-11-19,1999-10-14,1.5,19411,cgray5u@opensource.org,+241 (205) 814-5079
212,Theobald,Heasly,2019-06-16,1966-09-22,4.8,27600,theasly5v@quantcast.com,+355 (975) 859-0490
213,Myrna,Sonner,2019-10-28,1979-12-16,0.3,20550,msonner5w@ning.com,+27 (180) 898-6700
214,Joice,Kapiloff,2017-02-08,1972-12-10,2.7,19052,jkapiloff5x@google.com,+1 (507) 161-5072
215,Uta,Rassmann,2016-04-04,1991-11-20,3.7,27865,urassmann5y@sciencedaily.com,+62 (559) 918-7129
216,Estelle,Bernadot,2021-08-19,1999-03-31,4.8,29339,ebernadot5z@sfgate.com,+47 (817) 662-0516
217,Dinny,Ewdale,2017-12-16,1985-03-04,1.6,27015,dewdale60@weebly.com,+81 (409) 658-0244
218,Benjy,Broek,2018-08-28,2002-05-16,4.5,27366,bbroek61@archive.org,+81 (893) 687-3292
219,Bobine,De Mico,2018-07-26,2002-05-28,1.8,21469,bdemico62@europa.eu,+1 (410) 468-5635
220,Kerrill,Dalgarnowch,2019-08-31,1964-02-16,3.1,16091,kdalgarnowch63@japanpost.jp,+86 (380) 300-1431
221,Any,Morde,2021-08-10,1969-05-11,4.3,29862,amorde64@tiny.cc,+86 (654) 943-5513
222,Burty,Popescu,2020-01-31,1981-12-02,2.1,15531,bpopescu65@nih.gov,+84 (940) 158-2208
223,Duffie,Wallman,2018-06-04,1991-07-23,4.7,17700,dwallman66@baidu.com,+62 (151) 797-0282
224,Georgi,McGrah,2019-12-25,2000-06-26,1.6,24561,gmcgrah67@twitpic.com,+970 (611) 275-1938
225,Jay,Daventry,2017-06-09,1987-08-21,4.7,22341,jdaventry68@soup.io,+976 (593) 296-1794
226,Mozes,Pittwood,2017-12-19,1990-03-29,3.5,16832,mpittwood69@arstechnica.com,+353 (576) 576-9755
227,Thorpe,Fosdike,2017-06-17,2002-06-30,1.1,23717,tfosdike6a@dailymail.co.uk,+48 (704) 311-2248
228,Carmita,Beeze,2020-12-17,1975-07-13,4.1,19560,cbeeze6b@over-blog.com,+504 (255) 262-0295
229,Eli,Sparry,2018-04-25,1985-08-05,0.4,19841,esparry6c@twitter.com,+51 (325) 933-5304
230,Richart,O'Rodane,2017-05-24,1973-12-01,4.7,22553,rorodane6d@issuu.com,+47 (730) 583-2261
231,Arlen,Tissington,2016-01-14,1972-10-11,0.2,29729,atissington6e@samsung.com,+86 (423) 187-4855
232,Dulcie,Dudny,2016-06-13,1994-07-25,0.7,15822,ddudny6f@archive.org,+256 (408) 224-5398
233,Jamill,Dik,2015-11-24,1975-07-02,0.7,21960,jdik6g@cdc.gov,+62 (881) 216-0336
234,Leslie,Causnett,2015-10-22,1985-05-05,3.3,15061,lcausnett6h@google.cn,+86 (746) 222-6663
235,Lawry,Dockrill,2018-08-17,1980-01-09,1.3,20311,ldockrill6i@slashdot.org,+98 (599) 504-2994
236,Donna,Jossum,2019-10-20,1991-04-25,2.4,20343,djossum6j@pcworld.com,+63 (723) 292-3253
237,Kris,Cocklin,2019-11-13,2001-02-14,1.1,24933,kcocklin6k@epa.gov,+505 (464) 404-2461
238,Fredelia,Buttrum,2017-01-17,2001-09-21,4.4,22617,fbuttrum6l@ocn.ne.jp,+375 (800) 896-4867
239,Niall,Sedgefield,2016-05-22,1976-06-03,3.1,15654,nsedgefield6m@amazon.de,+27 (308) 355-8199
240,Thornton,Lorent,2018-10-24,1995-10-18,4.2,19519,tlorent6n@wikispaces.com,+86 (325) 878-6300
241,Venus,Long,2017-01-16,1993-10-30,2.3,17410,vlong6o@java.com,+62 (547) 992-3522
242,Sharity,Normington,2016-04-16,1981-02-04,4.2,17451,snormington6p@de.vu,+81 (852) 403-2018
243,Rocky,Waight,2018-06-13,1998-08-16,1.6,16645,rwaight6q@angelfire.com,+7 (200) 178-8796
244,Leoine,Gleeton,2020-12-10,1999-03-23,2.7,25336,lgleeton6r@github.io,+31 (493) 194-3427
245,Lorrin,Valentine,2020-06-05,1962-11-29,2.6,18348,lvalentine6s@ucoz.com,+353 (618) 376-9593
246,Lawrence,Lindhe,2016-02-11,1973-11-22,4.4,21730,llindhe6t@hp.com,+86 (539) 379-1767
247,Victoir,Simoneton,2021-08-01,1991-01-12,0.3,16631,vsimoneton6u@baidu.com,+7 (688) 468-1808
248,Raimundo,Barrus,2016-01-26,1987-03-06,2.2,15995,rbarrus6v@umn.edu,+380 (692) 819-5987
249,Ely,Wathey,2020-10-08,1975-03-23,1.4,28924,ewathey6w@cloudflare.com,+63 (832) 493-4004
250,Krishnah,Mathiot,2018-01-29,1985-02-07,2.4,28550,kmathiot6x@wikia.com,+235 (615) 818-4350
251,Patrice,Houten,2019-05-12,1998-07-05,2.6,23081,phouten6y@flavors.me,+676 (646) 888-5878
252,Bonita,Jeannequin,2021-07-17,1961-02-04,2.5,26307,bjeannequin6z@w3.org,+7 (651) 863-6408
253,Jenny,Rattray,2018-07-21,1984-02-16,4.9,16335,jrattray70@yolasite.com,+254 (108) 143-5524
254,Thorpe,Fazzioli,2017-09-15,1970-02-15,0.6,18310,tfazzioli71@pagesperso-orange.fr,+86 (342) 847-3115
255,Gerick,Trinbey,2016-08-04,1982-07-21,2.6,18403,gtrinbey72@rakuten.co.jp,+57 (546) 774-6364
256,Zak,Tomblin,2016-02-11,1973-09-05,3.6,20522,ztomblin73@google.co.uk,+7 (790) 216-6100
257,Cherri,Iacovo,2017-07-03,2002-04-12,4.1,15369,ciacovo74@posterous.com,+86 (546) 243-4139
258,Shantee,Andor,2018-01-06,1974-11-19,0.4,26962,sandor75@google.com.hk,+63 (919) 491-9588
259,Kessia,Stigell,2016-01-29,1994-06-22,4.4,25239,kstigell76@icio.us,+66 (899) 734-2056
260,Felicle,Blatherwick,2017-05-15,1971-04-20,0.2,29468,fblatherwick77@is.gd,+7 (570) 552-6717
261,Audi,Giacomi,2016-06-28,1970-05-31,4.3,15593,agiacomi78@ucsd.edu,+225 (571) 562-1990
262,Dode,Nott,2019-12-24,1992-04-23,4.5,21923,dnott79@privacy.gov.au,+98 (943) 154-7211
263,Aila,Spittall,2020-09-07,2002-01-15,3.9,23249,aspittall7a@ameblo.jp,+62 (249) 251-3548
264,Chick,Goldhill,2016-03-20,1993-12-12,0.6,16275,cgoldhill7b@ycombinator.com,+86 (351) 758-3994
265,Chicky,Eggleton,2021-02-04,2002-02-05,2.9,25187,ceggleton7c@example.com,+255 (352) 976-3740
266,Aubrie,St. Aubyn,2017-04-30,1989-12-10,3.4,17104,astaubyn7d@last.fm,+375 (168) 365-5111
267,Candace,Vescovini,2020-02-29,1987-03-27,0.3,28292,cvescovini7e@dropbox.com,+63 (760) 206-7332
268,Ara,MacCroary,2019-09-02,1960-12-08,1.9,22912,amaccroary7f@networkadvertising.org,+31 (447) 433-5901
269,Benton,Pither,2016-12-13,1997-06-03,3.3,19224,bpither7g@last.fm,+886 (772) 126-8416
270,Cass,Toulmin,2017-12-14,1993-03-29,3.7,16032,ctoulmin7h@ask.com,+86 (606) 677-0219
271,Mord,Studders,2020-10-23,1965-01-15,4.1,23846,mstudders7i@unicef.org,+62 (144) 594-3781
272,Marjory,Houlson,2017-08-12,1997-02-18,4.8,28612,mhoulson7j@webeden.co.uk,+57 (596) 678-2416
273,Liv,Chaman,2020-06-13,1970-10-30,2.7,15434,lchaman7k@google.co.jp,+81 (245) 341-5361
274,Hadrian,Kalisch,2018-07-17,1964-11-18,0.8,27449,hkalisch7l@blinklist.com,+224 (378) 837-9868
275,Teddy,Braemer,2018-07-03,1976-10-02,4.0,22558,tbraemer7m@patch.com,+63 (610) 310-4624
276,Jarred,Venour,2015-11-09,1972-10-14,2.3,25231,jvenour7n@engadget.com,+86 (355) 901-1070
277,Eziechiele,Dethloff,2021-02-27,1985-02-18,3.4,23199,edethloff7o@virginia.edu,+7 (348) 113-0630
278,Nettle,Crump,2020-03-13,1989-07-29,1.5,20125,ncrump7p@github.com,+1 (916) 870-4341
279,Sibelle,Dyson,2020-01-14,1967-12-25,2.8,20549,sdyson7q@blogger.com,+86 (714) 134-0545
280,Dorie,Gillan,2017-06-24,1966-02-04,2.3,23596,dgillan7r@latimes.com,+351 (558) 703-3336
281,Morissa,Tithecott,2021-04-01,1995-11-25,3.4,29511,mtithecott7s@cnet.com,+66 (346) 742-8655
282,Sherwin,Lorryman,2018-11-05,1962-08-06,4.6,23399,slorryman7t@cmu.edu,+86 (374) 785-6573
283,Jolie,Phlippsen,2020-06-04,1981-12-19,2.2,26701,jphlippsen7u@facebook.com,+351 (231) 837-7612
284,Melosa,O'Grady,2017-04-27,1989-08-26,4.8,25466,mogrady7v@jugem.jp,+86 (534) 752-6575
285,Ellene,Toovey,2021-03-28,1982-02-05,1.2,20629,etoovey7w@rediff.com,+86 (969) 469-8996
286,Jamey,Roan,2017-12-13,1982-10-22,1.6,24742,jroan7x@indiegogo.com,+380 (904) 790-2433
287,Ruggiero,Spraging,2019-09-14,1993-07-05,1.1,25401,rspraging7y@icio.us,+509 (974) 126-2594
288,Thornie,Pyrah,2017-06-12,1966-02-19,1.8,15788,tpyrah7z@ftc.gov,+55 (141) 687-0016
289,Jarid,Radolf,2020-12-17,1992-08-12,3.3,27514,jradolf80@tiny.cc,+54 (509) 163-7934
290,Lincoln,Newsome,2015-12-24,1963-08-07,3.5,18840,lnewsome81@washingtonpost.com,+380 (839) 589-1911
291,Glendon,Blenkiron,2018-10-22,1970-06-10,2.3,23837,gblenkiron82@cmu.edu,+7 (291) 340-3501
292,Nelie,Zanicchi,2021-08-24,1968-09-18,3.5,20483,nzanicchi83@who.int,+86 (684) 386-0678
293,Poul,Prayer,2016-06-29,1970-06-17,4.2,15326,pprayer84@cafepress.com,+998 (330) 420-9817
294,Sandy,Cattell,2019-01-22,1987-02-28,0.9,26578,scattell85@wiley.com,+374 (710) 414-4747
295,Colver,Wilacot,2016-08-14,1972-11-17,4.7,27342,cwilacot86@tinyurl.com,+20 (671) 804-6493
296,Chlo,Godwyn,2016-03-03,1964-09-08,2.8,15810,cgodwyn87@dot.gov,+62 (737) 357-6580
297,Angelico,Mangam,2016-07-29,1985-05-14,2.7,23093,amangam88@amazon.co.uk,+63 (356) 753-2346
298,Charis,Rutherford,2021-01-15,1994-05-17,2.4,17692,crutherford89@wunderground.com,+31 (298) 709-5424
299,Mufinella,Pickhaver,2018-12-14,1971-06-23,2.0,27683,mpickhaver8a@slate.com,+355 (592) 824-5607
300,Aeriela,Boustred,2019-09-14,2002-05-29,4.3,15055,aboustred8b@seattletimes.com,+590 (276) 681-8427
301,Harman,Crome,2019-03-17,1986-02-09,0.0,16105,hcrome8c@nytimes.com,+976 (945) 996-6523
302,Lyndsay,Petrik,2016-03-08,1987-12-28,3.9,24097,lpetrik8d@jimdo.com,+62 (468) 382-4174
303,Louis,McCorley,2019-02-15,1963-04-14,4.4,19296,lmccorley8e@sciencedaily.com,+48 (893) 391-6261
304,Arlan,Connelly,2016-10-23,1981-01-03,0.9,19063,aconnelly8f@psu.edu,+62 (730) 843-9637
305,Glenna,Dutt,2017-04-29,1976-11-17,4.5,18227,gdutt8g@amazonaws.com,+1 (408) 247-0037
306,Yetta,Albrecht,2017-12-28,1992-01-25,1.3,22608,yalbrecht8h@dot.gov,+1 (605) 373-7115
307,Terrill,Siburn,2016-09-23,1992-11-26,3.2,25944,tsiburn8i@hp.com,+52 (161) 784-7707
308,Laureen,Jaqueminet,2020-11-13,1991-04-11,0.6,23145,ljaqueminet8j@patch.com,+55 (921) 295-0555
309,Gilda,Stoyell,2017-03-28,1987-10-26,2.3,21442,gstoyell8k@etsy.com,+420 (645) 341-1177
310,Christoforo,Bussey,2021-02-27,1976-09-28,0.6,27296,cbussey8l@i2i.jp,+357 (289) 859-8929
311,Sterling,Taffs,2018-10-01,1998-11-11,3.8,26093,staffs8m@scientificamerican.com,+81 (506) 125-6133
312,Iseabal,Greenstreet,2020-11-22,1971-11-22,0.1,20067,igreenstreet8n@quantcast.com,+420 (383) 746-9965
313,Carlin,Leech,2018-04-23,1996-02-05,3.7,24503,cleech8o@technorati.com,+385 (970) 899-8295
314,Prentice,Guidi,2020-10-13,1974-05-17,3.2,24435,pguidi8p@jigsy.com,+81 (212) 845-2976
315,Niven,Humbie,2020-01-22,1972-11-27,3.8,17658,nhumbie8q@goodreads.com,+232 (681) 170-8029
316,Milo,Ashment,2017-03-14,1996-01-09,3.4,23129,mashment8r@ustream.tv,+62 (160) 600-5694
317,Costanza,Adamec,2020-04-15,1995-09-10,1.7,27644,cadamec8s@irs.gov,+55 (406) 145-0425
318,Timofei,Terry,2018-09-05,1989-05-25,2.8,24040,tterry8t@cbc.ca,+386 (543) 742-6781
319,Anneliese,Annies,2020-11-13,1990-11-06,4.1,20116,aannies8u@whitehouse.gov,+46 (283) 809-7236
320,Irwin,Blasl,2018-12-01,1969-05-21,4.1,17510,iblasl8v@nyu.edu,+63 (562) 513-1323
321,Humfrid,Folbigg,2015-11-10,2000-06-10,0.3,26099,hfolbigg8w@mlb.com,+81 (788) 452-7447
322,Natassia,Lindermann,2018-09-23,1972-09-02,4.6,26063,nlindermann8x@mtv.com,+41 (719) 749-4763
323,Moira,Coleshill,2018-04-12,1999-03-30,2.6,26651,mcoleshill8y@examiner.com,+380 (379) 773-4635
324,Berte,Sellek,2020-10-01,1965-08-18,4.4,29115,bsellek8z@si.edu,+86 (785) 664-7426
325,Lyndy,Tivers,2018-07-19,1976-07-07,3.5,29168,ltivers90@webeden.co.uk,+86 (847) 356-0070
326,Adore,Godrich,2016-11-14,1983-02-10,4.9,18905,agodrich91@ed.gov,+375 (769) 173-7798
327,Aggie,Dallman,2017-12-10,1966-07-21,3.1,29290,adallman92@livejournal.com,+62 (927) 116-2340
328,Amalee,Elsmere,2016-03-16,1977-02-13,3.2,27440,aelsmere93@google.de,+380 (373) 940-3342
329,Eldridge,Wheatland,2019-07-10,1973-03-20,2.9,21773,ewheatland94@amazon.co.jp,+86 (794) 767-0953
330,Lezley,Dorbon,2017-05-04,1988-07-31,2.6,15797,ldorbon95@list-manage.com,+212 (622) 272-7417
331,Shawn,Sutlieff,2021-08-03,1976-11-27,3.3,17910,ssutlieff96@nifty.com,+81 (235) 103-7331
332,Vonni,Ingerson,2017-12-13,1974-05-24,2.2,28963,vingerson97@yahoo.co.jp,+7 (920) 637-4294
333,Helenelizabeth,Rex,2021-03-13,1985-12-10,0.6,27432,hrex98@4shared.com,+54 (470) 462-3962
334,Tommi,Kiellor,2017-08-15,1981-11-25,2.5,22139,tkiellor99@acquirethisname.com,+262 (892) 302-6559
335,Valentijn,Malley,2021-07-27,1978-08-28,3.8,16842,vmalley9a@oakley.com,+55 (416) 682-2010
336,Ambur,Roach,2021-07-24,1981-05-05,0.7,15596,aroach9b@photobucket.com,+81 (636) 279-3542
337,Ingaberg,Kealy,2018-05-29,1994-10-02,0.9,27497,ikealy9c@naver.com,+44 (987) 975-9445
338,Turner,O' Loughran,2017-10-07,1981-09-07,2.1,23491,toloughran9d@noaa.gov,+33 (111) 171-3566
339,Milissent,Venart,2019-09-10,1978-10-30,0.3,26135,mvenart9e@cnbc.com,+63 (802) 900-3879
340,Clayton,Dale,2021-05-13,1977-01-04,4.4,17023,cdale9f@dagondesign.com,+1 (743) 704-2319
341,Hattie,Lakes,2020-03-19,1962-12-16,1.2,20532,hlakes9g@princeton.edu,+93 (761) 263-8960
342,Babara,Muckloe,2016-01-05,1961-03-22,2.2,28568,bmuckloe9h@bloglines.com,+27 (787) 424-0078
343,Michal,Rann,2017-03-05,1981-02-18,1.8,24201,mrann9i@csmonitor.com,+55 (788) 574-1021
344,Bobinette,Tunaclift,2020-07-11,1961-07-29,3.2,17666,btunaclift9j@gizmodo.com,+351 (246) 146-3259
345,Thatcher,Fosbraey,2019-05-21,1968-02-23,1.9,22964,tfosbraey9k@newsvine.com,+54 (660) 409-7904
346,Gerome,Hesser,2015-11-01,1984-09-11,3.7,15442,ghesser9l@abc.net.au,+420 (679) 628-9510
347,Ninette,Hazel,2016-06-20,1998-10-21,2.2,27485,nhazel9m@narod.ru,+48 (171) 349-6591
348,Reinald,Issakov,2018-01-07,2000-01-08,2.0,22004,rissakov9n@purevolume.com,+62 (509) 571-4710
349,Felizio,Grummitt,2015-11-20,1995-06-03,3.7,15157,fgrummitt9o@sakura.ne.jp,+55 (194) 293-8324
350,Maude,Huffey,2016-10-20,1962-12-04,4.6,15103,mhuffey9p@amazon.com,+62 (885) 345-0570
351,Leigha,O'Rodane,2020-02-28,1989-10-28,2.6,23304,lorodane9q@usgs.gov,+86 (881) 576-7707
352,Grantley,Hutsby,2020-12-04,2001-04-27,2.8,22904,ghutsby9r@kickstarter.com,+86 (860) 793-4708
353,Dela,Robeiro,2016-02-18,2001-08-21,2.3,26896,drobeiro9s@gravatar.com,+57 (390) 886-3604
354,Flossie,Nicholas,2019-01-28,2003-05-25,4.9,28842,fnicholas9t@mozilla.com,+389 (593) 277-9873
355,Rodrick,Pranger,2018-08-21,1972-06-05,2.6,26517,rpranger9u@google.com.au,+86 (842) 786-4532
356,Joshia,Farrah,2021-01-01,1993-07-27,0.7,19510,jfarrah9v@columbia.edu,+86 (952) 520-9260
357,Ludwig,Pavel,2021-08-04,1969-10-04,4.9,26413,lpavel9w@sphinn.com,+352 (354) 506-7538
358,Nike,Farndale,2020-12-17,1998-11-23,2.4,18633,nfarndale9x@shareasale.com,+595 (390) 178-9950
359,Obed,Castillou,2020-06-21,1998-11-24,3.5,23101,ocastillou9y@privacy.gov.au,+54 (115) 978-9374
360,Tamarra,Blaes,2018-12-06,1977-01-17,0.8,19693,tblaes9z@nhs.uk,+420 (963) 156-3640
361,Claudina,Najafian,2017-08-09,1974-12-18,3.0,21200,cnajafiana0@ibm.com,+353 (264) 468-8151
362,Ola,Flaunier,2016-05-30,1971-07-05,2.7,20479,oflauniera1@blog.com,+86 (560) 694-1588
363,Dav,Ollcott,2017-05-18,2002-02-11,3.4,18311,dollcotta2@so-net.ne.jp,+351 (858) 509-7641
364,Howard,Rudwell,2017-10-09,1985-12-09,3.6,27956,hrudwella3@drupal.org,+62 (517) 122-6794
365,Anne-corinne,Shatford,2019-07-04,1997-03-28,2.0,22033,ashatforda4@umich.edu,+7 (489) 832-3808
366,Bear,Jurkowski,2019-09-25,1971-04-16,3.5,24811,bjurkowskia5@uol.com.br,+81 (371) 635-1174
367,Elissa,MacNamara,2016-11-14,1979-09-03,3.0,21891,emacnamaraa6@wsj.com,+251 (750) 183-6300
368,Christyna,Patkin,2017-09-28,1986-11-20,1.1,21548,cpatkina7@bbb.org,+52 (118) 357-5728
369,Allistir,Elcomb,2021-05-21,1992-06-04,3.3,26025,aelcomba8@cisco.com,+46 (768) 873-2704
370,Eleen,O'Garmen,2019-05-13,1981-12-21,4.8,27511,eogarmena9@w3.org,+86 (724) 849-3994
371,Frieda,Wythe,2015-10-10,1993-02-01,1.4,23857,fwytheaa@geocities.jp,+33 (425) 101-9503
372,Greg,Surgood,2020-03-30,1983-03-05,3.1,29757,gsurgoodab@tinyurl.com,+86 (992) 955-2186
373,Renado,Mackie,2019-08-18,1976-08-25,2.6,25357,rmackieac@bandcamp.com,+62 (131) 913-7157
374,Tedman,Tench,2019-01-13,2001-09-02,0.8,16004,ttenchad@last.fm,+86 (718) 236-3799
375,Kristofer,Colleton,2017-03-26,1973-02-28,0.5,29165,kcolletonae@jalbum.net,+7 (754) 647-6175
376,Starlin,Kment,2019-11-21,1984-03-26,4.5,22066,skmentaf@youtu.be,+63 (491) 109-8220
377,Baxy,Beauly,2015-11-09,1963-08-02,4.6,19191,bbeaulyag@dot.gov,+351 (205) 953-3644
378,Finley,Rieme,2017-09-04,1995-07-30,4.9,27848,friemeah@google.co.uk,+54 (671) 554-6918
379,Lucita,Zamora,2016-01-23,1992-08-14,1.1,21252,lzamoraai@about.com,+220 (781) 953-4650
380,Ailbert,Boleyn,2018-12-27,1973-08-03,0.1,23076,aboleynaj@toplist.cz,+1 (415) 992-8897
381,Fidelio,Jiricka,2020-05-15,1993-02-14,2.7,23376,fjirickaak@wordpress.com,+62 (134) 537-0052
382,Selle,Delacote,2016-06-28,2000-04-11,3.3,19688,sdelacoteal@infoseek.co.jp,+7 (439) 807-7193
383,Uta,Mirralls,2016-01-03,1985-05-10,0.5,26946,umirrallsam@so-net.ne.jp,+7 (167) 463-7666
384,Matthaeus,Le Noir,2017-11-11,1976-10-25,2.6,29076,mlenoiran@webmd.com,+62 (774) 554-3187
385,Shay,Hyndson,2020-10-12,1962-08-02,1.5,26197,shyndsonao@theatlantic.com,+7 (772) 859-7974
386,Raymond,Bichard,2020-10-04,1993-10-20,2.7,17968,rbichardap@netvibes.com,+374 (374) 928-2414
387,Carey,Kirkman,2017-03-12,2003-03-13,1.8,15588,ckirkmanaq@berkeley.edu,+66 (775) 857-5229
388,Fabe,Romke,2017-06-25,1993-02-06,3.3,25771,fromkear@state.gov,+355 (525) 990-4250
389,Cherida,Northway,2015-09-20,2000-08-01,1.6,29919,cnorthwayas@icq.com,+353 (274) 544-5655
390,Hartley,Volkes,2019-10-03,1991-05-18,4.7,23619,hvolkesat@blinklist.com,+56 (813) 691-7241
391,Travers,Welsh,2016-03-14,1982-05-01,4.4,26365,twelshau@moonfruit.com,+55 (160) 976-0948
392,Dana,Letty,2020-07-27,2000-03-21,2.2,26795,dlettyav@angelfire.com,+420 (897) 815-7954
393,Libbi,Southwood,2020-11-04,1965-09-06,0.3,22824,lsouthwoodaw@auda.org.au,+1 (260) 433-2002
394,Adora,Foster,2020-10-23,1977-11-24,1.6,22304,afosterax@mail.ru,+33 (418) 947-6749
395,Ingelbert,Samter,2016-04-21,1963-02-08,0.8,20303,isamteray@statcounter.com,+55 (229) 748-9852
396,Mae,Braunds,2020-08-30,1996-11-16,1.4,26254,mbraundsaz@latimes.com,+503 (468) 946-0818
397,Ethan,Dalliston,2021-06-13,1970-11-22,3.2,29687,edallistonb0@wunderground.com,+86 (926) 293-1416
398,Dehlia,McCromley,2021-07-24,1980-08-19,4.1,20123,dmccromleyb1@mapy.cz,+86 (583) 451-5981
399,Kiri,Beinisch,2017-03-10,1990-07-31,4.2,29198,kbeinischb2@w3.org,+86 (521) 169-3295
400,Morie,Laurent,2017-08-11,1987-09-10,1.5,15519,mlaurentb3@stumbleupon.com,+86 (305) 946-3192
401,Kitty,Shirlaw,2018-08-02,1992-05-30,0.7,17784,kshirlawb4@yahoo.co.jp,+86 (644) 291-6024
402,Arly,McFaell,2017-03-02,1996-03-08,3.0,25050,amcfaellb5@fotki.com,+63 (399) 233-5642
403,Casper,Setchfield,2016-11-09,1966-06-12,0.5,16013,csetchfieldb6@newyorker.com,+7 (712) 219-8120
404,Monte,Bernadot,2020-07-19,1962-10-26,0.3,29734,mbernadotb7@squidoo.com,+62 (308) 403-8438
405,Paxton,Golagley,2020-11-11,1974-09-02,2.0,23824,pgolagleyb8@163.com,+218 (912) 943-1507
406,Hertha,Olek,2020-05-06,1985-09-02,0.9,24120,holekb9@symantec.com,+86 (595) 803-2305
407,Emory,Gifkins,2019-08-02,1980-12-04,4.5,24391,egifkinsba@bravesites.com,+1 (402) 843-5954
408,Bettye,Keppe,2018-07-15,1970-07-29,0.9,23551,bkeppebb@blogger.com,+357 (383) 175-9496
409,Maxine,Gutcher,2016-03-18,1997-03-03,0.6,18250,mgutcherbc@addtoany.com,+55 (496) 413-9696
410,Shaun,Schulkins,2015-11-06,1964-06-17,4.7,20014,sschulkinsbd@themeforest.net,+53 (148) 416-4073
411,Tabitha,Moyes,2019-03-11,1982-12-21,1.0,27781,tmoyesbe@webmd.com,+27 (667) 434-6192
412,Ellissa,Tomkowicz,2020-06-15,1983-04-29,2.9,26063,etomkowiczbf@tamu.edu,+48 (340) 392-2118
413,Roslyn,Rooksby,2019-03-30,1983-05-24,3.9,20542,rrooksbybg@pagesperso-orange.fr,+62 (411) 492-3414
414,Coletta,Humbey,2016-01-06,1990-03-13,4.5,24078,chumbeybh@deviantart.com,+86 (962) 528-3850
415,Carling,Jirasek,2016-02-23,1965-11-03,5.0,20540,cjirasekbi@edublogs.org,+81 (919) 862-6203
416,Avril,Halpen,2019-09-16,1985-05-27,1.4,16392,ahalpenbj@house.gov,+680 (115) 779-0109
417,Daphna,Amber,2021-02-12,1983-12-12,1.1,20420,damberbk@barnesandnoble.com,+1 (813) 498-0091
418,Gabey,Clayill,2020-10-22,1967-02-04,2.8,24631,gclayillbl@bandcamp.com,+33 (732) 731-4366
419,Lexis,Hubbis,2021-05-04,1969-08-17,4.0,16606,lhubbisbm@dropbox.com,+52 (908) 349-6066
420,Hank,Joplin,2015-09-13,1961-06-19,0.4,22762,hjoplinbn@jimdo.com,+7 (730) 120-0744
421,Natka,Knapp,2020-05-13,1997-02-03,0.4,22114,nknappbo@youtube.com,+55 (958) 967-8556
422,Myrtle,Burburough,2015-10-27,1961-11-20,3.6,16419,mburburoughbp@bloglovin.com,+62 (242) 828-3988
423,Bee,Rasor,2019-06-29,1977-06-15,4.1,28188,brasorbq@twitter.com,+1 (922) 221-5518
424,Shadow,Labuschagne,2018-01-25,1962-08-19,3.9,23592,slabuschagnebr@bbc.co.uk,+420 (945) 900-6888
425,Laurette,Golagley,2016-04-21,1972-08-10,2.3,18416,lgolagleybs@opensource.org,+62 (507) 365-2610
426,Cindelyn,Keatch,2021-02-22,2002-09-14,4.5,24933,ckeatchbt@skype.com,+420 (462) 849-8648
427,Bale,Clayworth,2016-05-05,1991-01-08,2.3,15875,bclayworthbu@state.tx.us,+976 (603) 591-7512
428,Maureene,Gittis,2019-04-16,1984-01-12,3.3,26503,mgittisbv@pbs.org,+54 (128) 159-1716
429,Janaye,Langabeer,2021-03-08,1987-05-13,2.4,16333,jlangabeerbw@odnoklassniki.ru,+7 (736) 331-1664
430,Onofredo,Jaime,2016-12-17,1972-03-22,1.7,24162,ojaimebx@hud.gov,+81 (298) 249-4537
431,Joete,Payle,2020-03-16,1964-04-05,0.8,17073,jpayleby@issuu.com,+86 (959) 646-0695
432,Leonora,Tiddeman,2018-04-04,1965-05-03,4.1,18471,ltiddemanbz@harvard.edu,+976 (659) 982-9139
433,Diena,Decourt,2016-12-22,1995-07-24,0.9,20301,ddecourtc0@time.com,+381 (887) 114-6519
434,Daryl,Ludlamme,2017-02-28,1976-12-31,3.2,25493,dludlammec1@house.gov,+86 (119) 587-4481
435,Damara,Gravells,2019-11-17,1999-06-08,2.5,29845,dgravellsc2@springer.com,+7 (302) 321-3352
436,Katheryn,Tregea,2019-11-01,2000-04-05,2.6,16246,ktregeac3@merriam-webster.com,+358 (352) 810-1912
437,Juanita,Tebbit,2016-01-19,2000-01-16,0.4,28395,jtebbitc4@sciencedirect.com,+81 (697) 458-8329
438,Jacquenetta,Morfey,2017-05-21,1997-09-14,3.6,27749,jmorfeyc5@vinaora.com,+86 (754) 643-9962
439,Laughton,Brownstein,2016-02-07,1976-07-26,2.2,24496,lbrownsteinc6@is.gd,+63 (424) 252-0414
440,Constancia,Matschoss,2016-01-12,1968-02-26,3.5,20501,cmatschossc7@illinois.edu,+86 (327) 266-4283
441,Guinevere,Ivashinnikov,2017-08-16,1991-05-21,2.4,15175,givashinnikovc8@go.com,+86 (991) 788-4038
442,Andrey,Toynbee,2020-03-07,2001-04-30,4.7,28330,atoynbeec9@google.it,+1 (786) 626-0316
443,Dniren,Vassie,2020-09-30,1978-12-20,4.5,23686,dvassieca@mayoclinic.com,+244 (386) 392-9314
444,Eran,Caselick,2019-08-11,1976-08-22,3.7,16631,ecaselickcb@arizona.edu,+98 (334) 428-5347
445,Annemarie,Burd,2017-10-18,1984-05-01,1.2,27739,aburdcc@google.it,+234 (863) 804-0877
446,Royall,Jaeggi,2016-12-01,1993-04-09,0.0,15337,rjaeggicd@github.com,+86 (868) 970-7033
447,Darsey,Kryszka,2019-06-03,1963-07-20,2.3,28473,dkryszkace@jugem.jp,+86 (415) 181-1805
448,Lin,Challis,2017-05-11,1986-04-25,3.7,15896,lchalliscf@topsy.com,+86 (118) 578-1266
449,Christean,Syrett,2021-04-28,1988-03-21,2.0,24311,csyrettcg@japanpost.jp,+33 (771) 844-7651
450,Shurlocke,Anshell,2015-12-23,1978-01-20,3.1,18722,sanshellch@reddit.com,+86 (283) 670-7346
451,Cart,Bennison,2017-03-23,2002-04-04,2.4,21481,cbennisonci@cpanel.net,+86 (636) 214-5763
452,Leon,Martignon,2020-02-24,1978-03-04,1.5,26923,lmartignoncj@samsung.com,+81 (519) 786-4280
453,Amalle,Saxon,2021-01-16,1996-01-22,3.5,18827,asaxonck@nsw.gov.au,+1 (254) 502-3292
454,Eran,Quantick,2019-06-30,2003-04-05,0.6,29558,equantickcl@delicious.com,+62 (392) 827-0050
455,Cullie,Balser,2019-10-31,1995-10-17,2.1,21447,cbalsercm@elpais.com,+351 (716) 518-7873
456,Rora,Fumagall,2019-04-26,1981-02-20,2.5,28139,rfumagallcn@desdev.cn,+7 (275) 789-1628
457,Miguel,Thonger,2019-12-25,1966-10-04,1.5,28626,mthongerco@canalblog.com,+52 (669) 434-2134
458,Dame,Gordon-Giles,2015-09-11,1990-09-23,3.5,26117,dgordongilescp@ifeng.com,+63 (286) 393-1460
459,Agatha,Dingsdale,2016-04-05,1971-03-01,2.5,15629,adingsdalecq@chicagotribune.com,+51 (305) 315-5635
460,Desiri,Sanger,2021-07-19,1998-03-20,4.8,15882,dsangercr@dyndns.org,+372 (156) 852-3453
461,Dede,Aggott,2021-08-04,1964-10-01,4.0,26245,daggottcs@unicef.org,+964 (965) 919-8811
462,Newton,McAlester,2021-05-09,1963-01-14,0.7,29184,nmcalesterct@com.com,+502 (123) 410-4516
463,Martha,Gumary,2017-08-09,1975-02-16,1.1,22844,mgumarycu@gnu.org,+86 (153) 312-3940
464,Skylar,Bromehead,2016-04-02,1964-02-12,1.8,26476,sbromeheadcv@tripadvisor.com,+47 (818) 716-6692
465,Payton,Gladdin,2021-03-07,2000-04-27,2.4,21414,pgladdincw@vistaprint.com,+66 (521) 450-3184
466,Clarey,Coulthard,2020-08-08,1999-02-14,0.7,15074,ccoulthardcx@ucsd.edu,+970 (269) 634-9852
467,Oneida,Fick,2016-04-29,1986-10-09,0.9,21982,ofickcy@webmd.com,+27 (845) 902-5927
468,Arabella,Foston,2015-11-14,1966-01-07,5.0,21401,afostoncz@salon.com,+355 (203) 583-0966
469,Cairistiona,Brosoli,2017-08-15,1961-04-25,2.7,15982,cbrosolid0@dagondesign.com,+86 (417) 276-6730
470,Averill,Bollon,2019-07-18,1980-10-24,3.0,22653,abollond1@ning.com,+57 (274) 729-2384
471,Mariam,Merida,2020-05-12,1995-12-25,3.2,19712,mmeridad2@ted.com,+353 (605) 907-4839
472,Tuesday,Skill,2017-08-31,1970-12-02,4.2,21240,tskilld3@opera.com,+62 (923) 607-8074
473,Lars,Dobkin,2018-03-14,1999-01-18,1.6,17743,ldobkind4@delicious.com,+86 (955) 438-4487
474,Amil,Pyer,2021-03-06,1990-12-22,2.3,19646,apyerd5@un.org,+86 (267) 485-4624
475,Ardene,Lambird,2016-10-17,1989-02-11,1.4,29486,alambirdd6@umich.edu,+81 (393) 936-4150
476,Cheston,Quinnet,2018-08-08,1991-10-28,0.9,25598,cquinnetd7@abc.net.au,+46 (370) 962-8831
477,Starlene,Clissold,2017-08-03,1964-07-24,1.4,26067,sclissoldd8@ebay.com,+62 (192) 525-9541
478,Cornelius,Olennikov,2020-10-04,1991-07-12,3.7,17244,colennikovd9@histats.com,+1 (608) 196-2069
479,Georgianna,Corbishley,2019-10-21,1964-12-25,0.0,19748,gcorbishleyda@ebay.com,+880 (872) 615-4585
480,Cordi,Winkworth,2016-06-10,1972-10-19,3.0,16445,cwinkworthdb@facebook.com,+98 (585) 137-6001
481,Tiffani,Tremblet,2018-05-20,1979-11-24,3.2,18621,ttrembletdc@washington.edu,+7 (842) 747-3048
482,Zara,Milmore,2016-02-20,1995-05-04,2.3,27084,zmilmoredd@ameblo.jp,+7 (353) 157-6752
483,Cooper,Hardage,2020-02-24,1997-10-02,3.4,25047,chardagede@t.co,+7 (229) 640-8057
484,Corenda,Burnsell,2016-12-23,1997-05-20,2.2,22031,cburnselldf@printfriendly.com,+81 (712) 539-1909
485,Robinet,Malinowski,2020-12-18,1985-01-21,2.9,18854,rmalinowskidg@cyberchimps.com,+1 (506) 323-2255
486,Hilliary,McCurrie,2016-11-08,2002-02-28,4.8,17853,hmccurriedh@nps.gov,+233 (530) 962-5234
487,Basia,Blumire,2016-03-13,1961-03-27,3.9,17818,bblumiredi@pagesperso-orange.fr,+62 (626) 254-2963
488,Adela,Shoppee,2019-08-22,1987-11-04,3.5,18099,ashoppeedj@nyu.edu,+86 (290) 340-6294
489,Quinton,Swetman,2020-05-28,1974-01-03,2.1,22248,qswetmandk@comcast.net,+598 (615) 705-4265
490,Joanne,Eggar,2019-06-08,1964-03-02,3.6,21983,jeggardl@zdnet.com,+86 (373) 596-0249
491,Inge,O'Caherny,2016-07-11,2000-06-10,2.2,27081,iocahernydm@state.gov,+351 (593) 909-4266
492,Zara,Sickert,2018-08-05,1999-10-08,0.0,18472,zsickertdn@pbs.org,+86 (502) 884-4002
493,Biron,Goning,2020-02-22,2001-04-06,5.0,29463,bgoningdo@ocn.ne.jp,+63 (897) 977-8592
494,Osbourn,Stollberg,2016-04-23,1983-07-01,1.4,26146,ostollbergdp@merriam-webster.com,+880 (610) 822-1074
495,Althea,Chesswas,2019-12-07,1967-09-18,1.5,16255,achesswasdq@dmoz.org,+81 (134) 587-0762
496,Archibold,Yarrington,2018-01-05,1989-04-24,3.5,24336,ayarringtondr@nps.gov,+993 (717) 227-0460
497,Neely,Goolding,2019-12-13,1986-03-22,3.5,17191,ngooldingds@ucla.edu,+381 (140) 544-1959
498,Vinson,Ringrose,2020-06-19,1981-01-05,4.0,25900,vringrosedt@mapquest.com,+7 (135) 830-7517
499,Melodie,Zanotti,2019-05-13,1970-07-21,1.8,25750,mzanottidu@admin.ch,+86 (251) 918-9675
500,Latrena,Lake,2020-03-30,1997-06-29,2.8,18040,llakedv@va.gov,+48 (279) 962-5943
501,Arthur,Domerc,2015-11-12,1992-01-02,3.3,24983,adomercdw@microsoft.com,+7 (301) 587-3345
502,Zonnya,Steadman,2016-12-04,1987-12-17,3.8,24216,zsteadmandx@weather.com,+62 (553) 492-3175
503,Somerset,Fyldes,2020-07-07,1986-09-23,0.6,23927,sfyldesdy@newyorker.com,+20 (984) 874-5243
504,Willem,Fishby,2017-10-18,1995-09-13,0.7,28800,wfishbydz@yandex.ru,+33 (623) 965-6933
505,Prisca,Brewer,2021-04-25,1969-02-27,4.8,21434,pbrewere0@cornell.edu,+964 (198) 403-0978
506,Enrico,Dransfield,2018-11-02,1975-07-20,4.8,15742,edransfielde1@smugmug.com,+86 (318) 320-3977
507,Cam,Giorgietto,2017-12-12,1964-04-01,0.7,18159,cgiorgiettoe2@odnoklassniki.ru,+63 (105) 765-9513
508,Ketty,Packer,2021-08-11,1990-12-07,0.8,21631,kpackere3@cnbc.com,+593 (556) 123-1334
509,Collette,McKleod,2017-11-05,1997-02-02,3.8,19923,cmckleode4@berkeley.edu,+98 (814) 575-9249
510,Fanchon,Marchant,2020-12-28,1992-05-02,1.8,15514,fmarchante5@earthlink.net,+82 (979) 225-0157
511,Darb,Hughes,2019-02-07,1988-04-29,2.6,20775,dhughese6@apache.org,+381 (276) 243-6578
512,Liliane,Lucy,2017-07-01,1992-01-11,2.3,24569,llucye7@opensource.org,+51 (796) 516-0145
513,Danit,Quidenham,2019-07-26,1988-08-23,0.8,29219,dquidenhame8@webeden.co.uk,+30 (441) 614-6336
514,Osmund,Petrenko,2021-02-28,1964-06-13,1.3,17917,opetrenkoe9@umich.edu,+49 (793) 334-5681
515,Leonore,Petrulis,2019-07-14,1981-01-02,4.0,27725,lpetrulisea@thetimes.co.uk,+380 (261) 449-9035
516,Reeva,McFade,2015-10-05,1965-01-01,3.3,28078,rmcfadeeb@yahoo.com,+55 (499) 304-2483
517,Kennan,Tuplin,2015-10-12,1963-11-22,2.6,26103,ktuplinec@webeden.co.uk,+62 (102) 613-8281
518,Conway,Perris,2021-02-11,1969-07-16,3.4,29025,cperrised@spiegel.de,+63 (604) 923-4089
519,Camellia,Bottlestone,2020-07-23,1972-06-24,3.8,27324,cbottlestoneee@tmall.com,+60 (907) 182-7718
520,Vail,Kornas,2015-12-06,1974-04-29,2.6,19911,vkornasef@boston.com,+420 (861) 354-6254
521,Blondell,Aizkovitch,2020-11-17,1970-01-11,1.4,21418,baizkovitcheg@va.gov,+30 (671) 743-9379
522,Dieter,Lillie,2017-12-14,1966-09-26,1.7,23492,dlillieeh@webnode.com,+86 (332) 657-8969
523,Skippy,Pykett,2018-03-02,1964-02-26,3.0,25426,spykettei@ameblo.jp,+86 (449) 357-4116
524,Eleonora,Alcock,2020-06-13,1988-06-06,0.9,24932,ealcockej@vimeo.com,+62 (451) 868-4429
525,Paquito,Richten,2021-05-02,1964-07-28,2.4,21751,prichtenek@ebay.co.uk,+994 (384) 279-0031
526,Lowrance,Drayton,2017-04-25,1971-10-08,0.2,24745,ldraytonel@google.pl,+86 (158) 971-1564
527,Natty,McGeouch,2021-04-29,1994-05-30,0.3,26588,nmcgeouchem@salon.com,+58 (692) 423-1020
528,Tiphanie,Iacoviello,2016-04-12,2002-04-23,0.7,18417,tiacovielloen@go.com,+86 (318) 921-8633
529,Dominique,Atton,2018-01-12,1989-04-16,3.0,20224,dattoneo@foxnews.com,+86 (660) 541-5969
530,Artair,Whitcombe,2017-10-11,1980-02-16,1.3,25724,awhitcombeep@feedburner.com,+62 (314) 349-5312
531,Helen,De Biasi,2017-09-30,1963-05-25,2.1,26746,hdebiasieq@github.io,+86 (381) 888-6044
532,Windy,Curror,2016-07-18,1987-12-30,0.4,23562,wcurrorer@drupal.org,+48 (274) 390-9014
533,Roger,Ofield,2017-05-17,1997-01-03,1.8,23691,rofieldes@addthis.com,+55 (200) 693-6007
534,Balduin,Fransinelli,2017-08-03,1995-06-22,4.6,18206,bfransinelliet@newsvine.com,+66 (718) 356-2993
535,Neall,Coultard,2020-11-06,1996-05-22,0.3,16808,ncoultardeu@java.com,+62 (659) 871-2856
536,Reg,Colliber,2018-11-17,1968-12-08,0.6,21807,rcolliberev@4shared.com,+970 (904) 537-9781
537,Maribelle,Trevear,2020-05-20,1987-01-16,0.5,24164,mtrevearew@ustream.tv,+7 (222) 840-3585
538,Selig,Gley,2019-01-29,1975-11-26,4.1,19901,sgleyex@artisteer.com,+81 (702) 549-2255
539,Truman,Mathewson,2021-06-30,1983-03-30,5.0,23569,tmathewsoney@w3.org,+234 (386) 601-2991
540,Ambros,Cammis,2017-08-03,1978-12-19,1.1,17902,acammisez@wufoo.com,+62 (464) 671-8370
541,Benetta,Simpole,2018-01-08,1993-08-12,1.7,15878,bsimpolef0@bandcamp.com,+33 (527) 315-3214
542,Christophorus,Hoyte,2020-09-17,1985-03-30,3.2,28724,choytef1@va.gov,+7 (680) 412-2384
543,Bibby,Landsborough,2017-02-25,1986-07-18,1.2,29942,blandsboroughf2@bluehost.com,+86 (695) 476-0211
544,Sashenka,Kinch,2017-05-02,1964-07-07,4.0,20971,skinchf3@bbc.co.uk,+62 (664) 841-4479
545,Humfried,Ensten,2019-03-16,1964-03-23,4.1,21693,henstenf4@w3.org,+351 (231) 547-6779
546,Claudette,Prestige,2017-02-26,1994-10-15,1.3,16610,cprestigef5@senate.gov,+216 (809) 320-0817
547,Ronda,Riedel,2017-07-13,1978-07-17,4.0,23907,rriedelf6@lulu.com,+86 (162) 920-3339
548,Lonnie,Redmire,2016-07-05,1973-07-17,1.8,21486,lredmiref7@eepurl.com,+86 (680) 939-6720
549,Ramonda,McAtamney,2018-08-13,1971-06-10,5.0,19392,rmcatamneyf8@diigo.com,+52 (929) 744-6229
550,Antone,Killelea,2020-01-09,1999-05-16,2.8,17241,akilleleaf9@nps.gov,+976 (471) 371-9011
551,Ede,Villa,2021-04-07,1993-10-24,0.1,21587,evillafa@canalblog.com,+48 (392) 746-7659
552,Laney,MacGregor,2019-10-01,1996-03-26,3.5,23815,lmacgregorfb@nasa.gov,+963 (979) 362-6243
553,Dallas,Llewelyn,2020-03-25,1971-02-01,1.4,18935,dllewelynfc@theatlantic.com,+55 (361) 592-1888
554,Lesley,Petry,2017-11-18,2002-07-07,1.3,24594,lpetryfd@va.gov,+30 (250) 512-6993
555,Sofia,Rudeyeard,2019-04-21,1980-08-18,4.0,16197,srudeyeardfe@seattletimes.com,+86 (901) 466-1803
556,Bree,Leask,2017-12-01,2000-11-08,1.3,24508,bleaskff@google.com.br,+380 (944) 904-1293
557,Petra,Wrathmell,2019-07-14,1964-05-08,3.0,23232,pwrathmellfg@scientificamerican.com,+381 (286) 448-8045
558,Gerrie,Reddell,2020-04-20,1993-01-18,1.1,27659,greddellfh@wunderground.com,+7 (309) 378-3268
559,Brandyn,De La Hay,2019-07-29,1983-04-05,2.0,29358,bdelahayfi@auda.org.au,+1 (698) 239-1221
560,Glori,Fitzer,2020-04-12,1992-07-30,2.7,27308,gfitzerfj@discovery.com,+267 (140) 684-3296
561,Ethel,Piatkow,2017-03-24,1983-09-25,3.0,15318,epiatkowfk@twitter.com,+33 (129) 792-5569
562,Dorry,Camoletto,2018-06-10,1988-05-06,1.4,27480,dcamolettofl@canalblog.com,+383 (663) 239-6579
563,Odele,Bransom,2018-02-10,1991-12-04,1.1,15127,obransomfm@networksolutions.com,+86 (854) 643-2416
564,Lamond,Fisk,2021-07-30,1993-03-17,2.1,24163,lfiskfn@freewebs.com,+689 (401) 526-7115
565,Obidiah,Snufflebottom,2019-12-02,1965-10-12,3.3,15373,osnufflebottomfo@tumblr.com,+7 (162) 362-9293
566,Cullan,Dignon,2018-08-22,1974-08-15,0.7,19547,cdignonfp@delicious.com,+63 (718) 379-0296
567,Gabriellia,Raoul,2020-07-28,1971-02-03,4.8,15524,graoulfq@chicagotribune.com,+86 (661) 344-1268
568,Ianthe,Seymer,2016-03-07,1973-10-05,0.1,16329,iseymerfr@mapquest.com,+351 (672) 661-5173
569,Bab,Sulter,2015-09-16,1988-06-23,2.2,17106,bsulterfs@homestead.com,+595 (274) 875-7516
570,Lyle,Libby,2021-07-15,1972-04-02,4.2,21975,llibbyft@kickstarter.com,+7 (973) 162-2611
571,Bobbye,Stirzaker,2015-11-05,1971-04-22,3.5,27214,bstirzakerfu@cam.ac.uk,+7 (856) 334-5479
572,Lusa,Meiklem,2015-11-11,2003-05-01,0.5,24945,lmeiklemfv@google.ru,+49 (533) 504-6979
573,Laetitia,Shore,2019-05-26,2000-02-14,1.8,25273,lshorefw@google.ru,+66 (732) 855-6965
574,Casey,Norssister,2017-02-04,1998-02-26,2.9,25298,cnorssisterfx@dropbox.com,+57 (266) 257-7183
575,Barrie,Walding,2020-02-16,1974-10-26,4.3,28963,bwaldingfy@exblog.jp,+81 (931) 549-4708
576,Leta,Goodacre,2015-09-15,1982-05-17,1.6,20137,lgoodacrefz@artisteer.com,+212 (608) 436-4732
577,Blaire,Kerwin,2019-07-23,1985-10-20,0.9,20273,bkerwing0@google.ca,+86 (106) 222-7619
578,Seward,Sturman,2019-02-15,1961-02-10,0.6,26307,ssturmang1@noaa.gov,+86 (129) 196-3456
579,Conway,Albone,2018-12-18,1982-04-18,3.2,18960,calboneg2@g.co,+86 (792) 445-0129
580,Rica,Haig,2015-10-20,1963-06-27,4.3,17248,rhaigg3@google.es,+57 (539) 889-6682
581,Adelice,Bedham,2020-01-02,1995-03-23,2.4,20046,abedhamg4@php.net,+48 (502) 212-2199
582,Andromache,Kroin,2019-05-29,1967-11-21,2.2,28876,akroing5@istockphoto.com,+255 (422) 311-8232
583,Dyanne,Beacroft,2015-10-15,1997-04-29,2.0,17436,dbeacroftg6@joomla.org,+967 (259) 841-3751
584,Garrick,Crowd,2017-03-09,1980-04-04,4.1,20577,gcrowdg7@over-blog.com,+30 (442) 571-2904
585,Fayth,Itzkov,2018-07-03,1978-06-07,1.5,22642,fitzkovg8@google.co.uk,+880 (734) 479-5432
586,Keelby,Chesman,2018-01-26,1966-04-06,1.5,20718,kchesmang9@nhs.uk,+62 (689) 528-2448
587,Stacy,Bodker,2017-01-27,1982-03-23,1.4,27479,sbodkerga@reverbnation.com,+86 (430) 100-6907
588,Catie,Humbie,2017-03-11,1998-05-05,4.9,29097,chumbiegb@meetup.com,+420 (181) 443-6368
589,Sylvia,Insoll,2020-09-19,1969-10-19,0.5,18006,sinsollgc@friendfeed.com,+86 (850) 865-5763
590,Sylas,Pauling,2020-09-07,1970-01-06,1.1,20498,spaulinggd@aol.com,+46 (552) 723-9961
591,Joey,McShane,2017-04-15,1993-08-14,0.2,24404,jmcshanege@youtube.com,+33 (559) 923-5283
592,Eulalie,Lilliman,2018-12-15,1964-04-12,3.2,29229,elillimangf@eventbrite.com,+7 (260) 275-4896
593,Nicole,Jorge,2016-02-10,1991-11-26,0.2,26938,njorgegg@tinypic.com,+420 (480) 519-5674
594,Winnie,Gamil,2019-03-31,1976-04-29,2.4,28518,wgamilgh@ehow.com,+506 (729) 627-5550
595,Darbee,Niche,2020-09-22,1985-09-16,1.7,27970,dnichegi@oaic.gov.au,+7 (517) 616-3573
596,Maryl,Corlett,2019-03-26,1977-07-22,1.5,16843,mcorlettgj@earthlink.net,+358 (292) 488-5649
597,Simon,Domeney,2021-02-12,2001-02-06,0.5,22457,sdomeneygk@hc360.com,+46 (129) 730-4197
598,Sileas,Harper,2017-04-27,1971-08-19,3.5,28457,sharpergl@github.com,+62 (363) 517-3656
599,Janis,Gladbeck,2018-10-09,1980-06-09,2.5,17511,jgladbeckgm@blogtalkradio.com,+63 (722) 960-7068
600,Della,Philpott,2020-12-14,1995-10-26,5.0,29147,dphilpottgn@amazon.co.jp,+62 (819) 802-5099
601,Lisetta,Allday,2020-03-14,1963-10-18,1.2,21156,lalldaygo@nbcnews.com,+86 (805) 348-1150
602,Gradey,Wagstaffe,2018-06-29,1994-09-24,2.8,28689,gwagstaffegp@google.ca,+62 (526) 493-7391
603,Jinny,Wall,2016-05-23,1997-04-10,3.8,28650,jwallgq@creativecommons.org,+57 (507) 932-4510
604,Bessie,Colman,2016-12-06,1965-01-19,0.8,21906,bcolmangr@miibeian.gov.cn,+1 (205) 978-8962
605,Scotti,Frushard,2016-06-03,2003-07-08,5.0,20144,sfrushardgs@salon.com,+7 (876) 541-0609
606,Norine,Pettifer,2021-02-07,1970-04-11,0.4,20272,npettifergt@admin.ch,+1 (773) 663-0201
607,Daffi,Morfell,2020-07-19,1995-06-05,3.6,16762,dmorfellgu@hhs.gov,+256 (638) 694-6180
608,Marlon,Karppi,2020-08-11,1988-04-21,1.1,26006,mkarppigv@opensource.org,+48 (147) 356-6430
609,Jammal,Clayson,2019-08-15,1992-12-09,2.2,22281,jclaysongw@dedecms.com,+33 (541) 147-0092
610,Sharia,Hannon,2017-06-18,2001-10-19,3.4,27859,shannongx@gravatar.com,+62 (119) 759-4387
611,Nil,McNab,2018-11-26,1962-03-24,3.1,29095,nmcnabgy@tiny.cc,+60 (779) 451-3759
612,Noble,Moncrieffe,2017-01-04,1989-12-23,2.4,29913,nmoncrieffegz@biblegateway.com,+55 (487) 263-0577
613,Zondra,Tellesson,2015-10-16,1977-08-09,2.4,29430,ztellessonh0@devhub.com,+86 (622) 704-8964
614,Cortie,Meharry,2017-09-29,2000-07-13,2.4,17218,cmeharryh1@scientificamerican.com,+963 (584) 965-4631
615,Gavan,Konmann,2018-04-10,1984-04-23,0.2,27823,gkonmannh2@noaa.gov,+86 (686) 700-1539
616,Tailor,Comettoi,2018-04-17,1979-03-22,1.5,23321,tcomettoih3@dailymotion.com,+51 (658) 592-2351
617,Alisander,Woodrow,2017-11-27,1978-04-02,0.4,24940,awoodrowh4@com.com,+86 (853) 300-5064
618,Theodore,Killwick,2017-01-02,1977-12-11,1.8,26806,tkillwickh5@etsy.com,+86 (691) 274-7822
619,Collin,Maffulli,2020-03-26,2002-05-18,0.1,27403,cmaffullih6@icio.us,+224 (511) 513-6596
620,Andonis,Chree,2015-09-20,1977-03-03,1.7,19737,achreeh7@prweb.com,+86 (996) 417-0759
621,Elnar,Maeer,2016-05-16,1971-09-13,3.5,24175,emaeerh8@linkedin.com,+52 (425) 787-0829
622,Nikki,Stowe,2016-01-26,1967-10-03,4.0,21538,nstoweh9@mysql.com,+62 (543) 267-0165
623,Marlie,Duer,2016-09-27,1978-04-30,0.9,15847,mduerha@php.net,+86 (791) 236-6373
624,Dinah,Jubb,2019-06-14,2001-07-30,0.6,21270,djubbhb@skyrock.com,+995 (292) 742-1926
625,Celinka,Skully,2019-08-10,2003-05-18,4.8,28446,cskullyhc@histats.com,+92 (311) 128-8888
626,Jacob,Rushbury,2019-10-08,1981-06-08,2.0,23732,jrushburyhd@desdev.cn,+86 (574) 575-6373
627,Valeda,Mynett,2020-03-24,1995-05-01,1.9,25109,vmynetthe@elpais.com,+370 (708) 105-1937
628,Kelwin,Tollady,2020-02-26,1970-12-09,3.4,25585,ktolladyhf@marketwatch.com,+33 (291) 666-9337
629,Gonzales,Mattes,2020-05-20,1966-11-19,2.6,28129,gmatteshg@cisco.com,+86 (292) 584-1539
630,Fields,Benoit,2017-06-26,1989-03-07,1.7,15256,fbenoithh@wiley.com,+993 (711) 680-5511
631,Masha,Henworth,2020-03-12,1984-01-29,1.2,15589,mhenworthhi@cocolog-nifty.com,+46 (916) 860-6105
632,Rog,Glison,2018-05-27,1963-09-15,0.6,26846,rglisonhj@webs.com,+62 (829) 450-1631
633,Clive,Cronkshaw,2018-02-25,1983-07-02,0.3,27747,ccronkshawhk@infoseek.co.jp,+86 (229) 461-0231
634,Latisha,Kitteman,2016-08-14,1985-09-15,1.1,24066,lkittemanhl@yelp.com,+86 (871) 148-0252
635,Darell,Swalowe,2020-11-20,2002-11-09,0.2,16107,dswalowehm@adobe.com,+55 (281) 837-0046
636,Gerik,Dunkley,2017-05-14,1972-10-19,2.9,16601,gdunkleyhn@dailymotion.com,+47 (819) 300-8479
637,Kean,Niece,2017-06-14,1984-09-13,4.3,26866,knieceho@dailymail.co.uk,+86 (619) 238-2474
638,Angelico,Tippler,2017-03-30,1974-12-19,3.4,27225,atipplerhp@blinklist.com,+352 (879) 394-5835
639,Kalle,Shackleton,2018-10-22,1985-05-28,2.1,27741,kshackletonhq@imageshack.us,+51 (398) 538-3630
640,Siusan,Nowak,2016-10-13,1965-06-08,4.2,27393,snowakhr@cyberchimps.com,+86 (208) 738-0948
641,Clotilda,Dunbobin,2019-06-01,2001-02-05,0.4,27370,cdunbobinhs@narod.ru,+86 (783) 517-9480
642,Eadie,Heel,2019-11-05,1981-12-09,0.8,25480,eheelht@mac.com,+62 (136) 363-8137
643,Jannel,Denacamp,2016-05-04,1981-09-13,1.1,21772,jdenacamphu@va.gov,+63 (990) 466-6320
644,Marlon,Togwell,2015-09-27,2001-07-30,3.0,17201,mtogwellhv@chron.com,+7 (637) 725-7848
645,Anabella,Earwaker,2016-11-23,1989-05-12,3.1,18550,aearwakerhw@sohu.com,+62 (281) 972-2469
646,Rory,Chisnell,2019-06-29,1977-01-12,0.3,26601,rchisnellhx@arizona.edu,+81 (890) 657-8892
647,Rinaldo,Toon,2017-12-04,1966-06-21,3.8,21578,rtoonhy@boston.com,+48 (999) 747-8917
648,Kerrin,Keddle,2021-03-02,1980-02-16,0.1,29022,kkeddlehz@reverbnation.com,+380 (366) 541-0472
649,Aldric,Wildman,2016-12-21,1989-05-23,2.1,15357,awildmani0@hao123.com,+86 (243) 238-1748
650,Vachel,Vallintine,2015-11-25,1993-12-03,4.8,22647,vvallintinei1@mayoclinic.com,+46 (835) 197-3719
651,Ashien,Moxstead,2020-04-25,1976-11-06,0.0,23965,amoxsteadi2@cdbaby.com,+86 (433) 284-0451
652,Maddy,Hayworth,2018-08-11,1994-09-20,4.5,24723,mhayworthi3@blogger.com,+7 (365) 648-4096
653,Constancy,Gillyatt,2020-11-06,1981-03-05,4.6,24476,cgillyatti4@moonfruit.com,+86 (873) 333-4225
654,Ingra,Legen,2017-10-22,1972-11-01,4.7,24021,ilegeni5@elegantthemes.com,+995 (391) 661-3717
655,Wenda,McCook,2016-12-16,2000-02-29,1.3,28857,wmccooki6@dell.com,+359 (191) 815-6641
656,Joice,MacCostigan,2016-08-14,1988-09-17,2.8,16320,jmaccostigani7@npr.org,+420 (178) 671-6521
657,Claiborn,Izhakov,2019-06-16,1983-04-02,0.8,16276,cizhakovi8@free.fr,+7 (271) 375-1182
658,Cull,Fell,2018-11-07,1974-05-19,1.0,25895,cfelli9@independent.co.uk,+49 (686) 627-9252
659,Ilse,Binder,2020-01-03,1974-09-30,1.6,23553,ibinderia@nbcnews.com,+86 (916) 218-9744
660,Chaddie,Birkenshaw,2016-02-10,1996-04-04,3.9,17800,cbirkenshawib@dagondesign.com,+48 (170) 261-4190
661,Siobhan,Denning,2017-08-26,1987-08-27,4.4,18079,sdenningic@mozilla.com,+976 (547) 370-1274
662,Finlay,Sudy,2021-03-18,1961-06-07,1.3,22939,fsudyid@ted.com,+1 (302) 362-1696
663,Georgeanne,Illidge,2017-12-19,1969-02-27,2.3,27576,gillidgeie@furl.net,+62 (245) 439-1122
664,Gabriele,Oxberry,2016-10-15,1974-10-19,4.4,16370,goxberryif@latimes.com,+62 (443) 555-9086
665,Eduard,Whelpton,2016-11-28,1964-06-06,3.4,15784,ewhelptonig@patch.com,+54 (426) 973-6095
666,Leicester,Matyashev,2018-11-19,1989-12-24,4.5,15712,lmatyashevih@theatlantic.com,+55 (873) 422-4790
667,Andrus,Copcote,2020-09-08,1976-07-11,1.7,28276,acopcoteii@forbes.com,+98 (136) 811-5991
668,Rhianon,Gregoratti,2016-12-16,1998-05-12,2.9,27319,rgregorattiij@goo.gl,+86 (823) 399-2164
669,Carlie,Gopsall,2015-10-14,1990-05-31,2.6,25199,cgopsallik@army.mil,+48 (389) 999-8549
670,Hershel,Eede,2020-11-09,1997-06-05,4.7,16210,heedeil@redcross.org,+30 (451) 388-4755
671,Kingsly,Piatto,2021-06-06,1967-12-31,1.9,20801,kpiattoim@dyndns.org,+62 (539) 919-9077
672,Stanford,O'Donoghue,2017-10-09,1986-03-05,4.6,29733,sodonoghuein@free.fr,+63 (572) 622-9212
673,Nalani,O'Heyne,2021-02-13,1996-05-31,4.2,25693,noheyneio@marriott.com,+381 (342) 342-4383
674,Kelsey,Eby,2020-06-28,1968-01-28,3.2,16284,kebyip@people.com.cn,+86 (623) 887-8911
675,Yuri,Pattenden,2020-07-17,1993-10-05,3.0,15388,ypattendeniq@thetimes.co.uk,+86 (760) 325-2424
676,Simonne,Rhyme,2021-06-21,2000-12-30,4.8,19029,srhymeir@mashable.com,+7 (705) 209-5886
677,Deck,Duchenne,2021-04-29,1973-07-09,1.3,15594,dduchenneis@msu.edu,+63 (269) 669-1752
678,Willabella,Braunds,2018-01-17,1990-04-11,1.3,19084,wbraundsit@live.com,+63 (269) 996-7765
679,Langston,Dehm,2016-02-07,2001-07-31,4.6,24175,ldehmiu@squidoo.com,+48 (893) 546-8282
680,Darill,McIlmorie,2017-09-24,1988-09-13,0.7,23506,dmcilmorieiv@pagesperso-orange.fr,+594 (488) 329-9136
681,Quentin,McGowran,2015-12-13,1972-12-09,3.0,15081,qmcgowraniw@rambler.ru,+86 (735) 366-9823
682,Concettina,Costin,2016-12-09,1977-11-23,1.5,22555,ccostinix@mashable.com,+51 (808) 572-4448
683,Jeremias,Marquess,2018-03-10,1971-06-20,3.6,18114,jmarquessiy@drupal.org,+98 (444) 241-3445
684,Nedi,Funcheon,2017-12-12,2001-10-17,4.7,25688,nfuncheoniz@joomla.org,+54 (227) 652-6553
685,Ingra,Bezley,2018-01-05,1995-01-19,0.5,22017,ibezleyj0@histats.com,+62 (435) 831-6911
686,Ade,Cornwall,2020-07-28,1964-09-01,3.4,29706,acornwallj1@hud.gov,+62 (868) 135-7211
687,Cornie,Edyson,2018-04-02,1986-09-18,4.3,24499,cedysonj2@feedburner.com,+86 (595) 371-2763
688,Saloma,Padbury,2020-04-10,1994-10-07,4.1,16731,spadburyj3@oakley.com,+31 (370) 417-8424
689,Fara,O'Donnell,2020-01-19,1990-04-22,1.1,15060,fodonnellj4@yolasite.com,+86 (823) 389-3818
690,Querida,Prestland,2016-01-22,1980-03-31,1.4,19822,qprestlandj5@goo.gl,+51 (272) 154-2348
691,Gilligan,Chittenden,2017-04-15,1979-06-03,1.8,24718,gchittendenj6@dmoz.org,+62 (160) 965-3090
692,Sharyl,Morcombe,2020-08-31,1995-04-13,4.2,17887,smorcombej7@technorati.com,+81 (653) 898-1467
693,Gretel,Ornils,2016-06-12,1976-12-05,1.8,19679,gornilsj8@yelp.com,+1 (814) 813-0582
694,Darrell,Mapes,2019-03-23,1993-09-13,4.2,19315,dmapesj9@istockphoto.com,+46 (952) 838-4410
695,Wilden,Bainton,2016-08-24,1996-01-14,1.3,15458,wbaintonja@cloudflare.com,+7 (907) 471-7502
696,Mateo,Waliszewski,2019-07-29,1978-09-02,3.5,15944,mwaliszewskijb@miitbeian.gov.cn,+51 (905) 398-2924
697,Palmer,Byk,2017-08-11,1999-01-10,1.4,28403,pbykjc@meetup.com,+7 (340) 609-0772
698,Liz,Bedburrow,2020-04-04,1984-06-07,0.8,28637,lbedburrowjd@printfriendly.com,+86 (674) 198-1353
699,Leif,Leyfield,2016-10-21,1984-01-15,3.7,25063,lleyfieldje@wordpress.org,+86 (788) 733-3396
700,Elle,Highnam,2015-09-16,1985-08-30,1.1,22909,ehighnamjf@e-recht24.de,+54 (227) 805-1647
701,Garner,Gillespie,2016-09-15,1962-08-15,4.4,16812,ggillespiejg@chron.com,+234 (213) 423-0379
702,Elia,Mearing,2019-03-23,1977-04-26,4.2,16338,emearingjh@fc2.com,+86 (766) 854-1713
703,Boy,Stelle,2015-09-17,1986-01-10,1.6,23737,bstelleji@msu.edu,+1 (530) 469-0855
704,Coralyn,Casebourne,2020-01-20,1977-10-30,3.5,25725,ccasebournejj@google.fr,+46 (239) 852-4525
705,Major,Evesque,2018-01-01,1961-04-13,2.9,20373,mevesquejk@feedburner.com,+970 (458) 265-6479
706,Ira,Cope,2019-03-28,1989-03-13,0.3,28478,icopejl@lycos.com,+86 (236) 629-1015
707,Fran,Tomaszkiewicz,2018-09-18,1989-09-04,1.4,26246,ftomaszkiewiczjm@geocities.com,+212 (837) 410-3916
708,Mayor,Fransewich,2017-08-10,1998-03-07,2.5,26101,mfransewichjn@tripod.com,+86 (630) 609-8839
709,Dougy,Bratton,2018-08-09,1976-07-29,1.9,27698,dbrattonjo@ihg.com,+54 (637) 502-6904
710,Shana,Goodbur,2017-07-21,1968-06-18,2.6,24681,sgoodburjp@unicef.org,+30 (488) 958-1275
711,Emmye,Heibl,2020-08-28,1989-03-31,4.6,24782,eheibljq@narod.ru,+1 (685) 757-8997
712,Corinna,Rosiello,2021-07-31,1997-05-09,1.4,22478,crosiellojr@virginia.edu,+380 (367) 277-6610
713,Allene,Dearan,2020-03-06,2002-11-01,3.8,27418,adearanjs@yellowbook.com,+52 (499) 989-1992
714,Raymund,Antuoni,2016-09-23,1966-01-23,2.3,20363,rantuonijt@globo.com,+1 (606) 342-1600
715,Edsel,Callear,2017-11-25,1993-03-29,1.6,15426,ecallearju@ucoz.com,+30 (930) 642-4451
716,Evyn,Dysart,2020-08-09,1962-10-27,2.9,23002,edysartjv@rediff.com,+86 (747) 220-2511
717,Patty,Massingham,2016-03-16,1970-12-18,2.4,16014,pmassinghamjw@stanford.edu,+242 (727) 596-8885
718,Kristin,Maroney,2017-08-23,1987-03-27,1.1,24288,kmaroneyjx@merriam-webster.com,+963 (754) 249-0916
719,Winfred,Yvens,2017-03-05,2001-05-09,0.5,28626,wyvensjy@imgur.com,+86 (421) 482-7221
720,Emera,Heigold,2018-12-29,1999-10-05,4.9,24308,eheigoldjz@imgur.com,+81 (478) 257-9731
721,Lynnea,Furbank,2019-08-08,1964-09-29,3.8,27111,lfurbankk0@arizona.edu,+46 (456) 964-8321
722,Terrijo,Rosbotham,2016-06-19,2001-03-02,3.4,24278,trosbothamk1@a8.net,+972 (926) 579-7269
723,Wenona,Bartalucci,2018-11-05,1983-04-21,3.6,24917,wbartaluccik2@google.fr,+33 (641) 833-2192
724,Yuri,Spick,2018-11-15,1966-02-19,1.2,24416,yspickk3@purevolume.com,+62 (983) 115-4288
725,Teodoor,Matzkaitis,2020-08-07,1983-01-15,0.8,25594,tmatzkaitisk4@ifeng.com,+976 (498) 771-7525
726,Thibaut,Salerno,2018-11-17,2000-10-01,3.4,20191,tsalernok5@harvard.edu,+7 (712) 510-7787
727,Abel,Beisley,2017-11-07,1979-02-16,0.2,22855,abeisleyk6@cisco.com,+7 (653) 156-9794
728,Vivianne,Drysdall,2017-04-18,1980-03-17,2.7,17861,vdrysdallk7@cornell.edu,+256 (383) 409-5618
729,Kara,Pfleger,2017-02-06,1982-11-26,4.7,15493,kpflegerk8@guardian.co.uk,+7 (850) 298-4831
730,Yolanthe,Spieck,2016-07-10,1965-10-30,3.8,26723,yspieckk9@w3.org,+503 (440) 481-3687
731,Leann,Crombleholme,2019-06-25,1995-11-23,4.4,21036,lcrombleholmeka@elegantthemes.com,+7 (178) 157-7918
732,Linzy,Loveguard,2016-04-18,2002-02-27,3.6,26953,lloveguardkb@biblegateway.com,+86 (939) 491-2169
733,Sianna,Commings,2017-01-03,1977-05-22,3.1,15032,scommingskc@deliciousdays.com,+62 (233) 849-8741
734,Corbett,Lawry,2016-07-29,2002-06-20,0.5,16385,clawrykd@discovery.com,+62 (962) 974-1173
735,Alfi,Christofor,2020-06-15,1988-10-28,4.9,23019,achristoforke@nydailynews.com,+970 (293) 620-5580
736,Francklyn,McCrone,2020-03-13,1973-02-17,1.6,26145,fmccronekf@e-recht24.de,+55 (954) 794-5443
737,Inness,Clemo,2021-05-20,1979-03-03,0.5,17547,iclemokg@google.es,+387 (826) 444-2072
738,Jordon,Hopkins,2020-05-17,1985-10-05,2.3,16592,jhopkinskh@a8.net,+62 (320) 467-1042
739,Ruy,Gerrell,2021-01-25,1966-04-26,2.7,20323,rgerrellki@furl.net,+63 (662) 907-3880
740,Gail,Meffin,2018-09-23,1961-08-31,2.8,28672,gmeffinkj@webnode.com,+30 (708) 364-4513
741,Lolita,Chatwood,2019-06-04,1961-01-09,1.8,15485,lchatwoodkk@cafepress.com,+86 (290) 272-0144
742,Selie,Quare,2019-09-15,1997-03-27,1.1,22916,squarekl@state.tx.us,+33 (883) 709-3002
743,Rodie,Birrell,2019-09-19,1968-01-27,0.2,24275,rbirrellkm@salon.com,+86 (441) 807-4438
744,Charyl,Glaysher,2017-10-28,1996-12-24,4.7,15421,cglaysherkn@ycombinator.com,+55 (426) 853-9070
745,Sammy,Lindblom,2021-01-07,2002-11-24,0.7,17119,slindblomko@dell.com,+63 (403) 549-2404
746,Merrili,Hattersley,2018-02-07,1978-12-29,2.2,25400,mhattersleykp@pen.io,+381 (837) 591-7235
747,Arlen,Priditt,2019-05-25,1989-07-14,2.0,21976,apridittkq@howstuffworks.com,+33 (414) 905-3390
748,Dee dee,Reboul,2019-04-01,1972-04-22,2.6,23228,dreboulkr@skype.com,+86 (232) 651-7953
749,Hildagarde,Kell,2016-08-15,1991-10-18,0.1,25135,hkellks@craigslist.org,+30 (960) 740-0780
750,Veronica,Mercey,2021-06-12,1990-10-29,4.3,17292,vmerceykt@nydailynews.com,+62 (403) 214-4498
751,Art,Cozby,2020-05-02,1966-07-31,0.8,15062,acozbyku@sbwire.com,+55 (180) 237-8117
752,Jasmina,Kelleher,2018-05-17,1969-10-05,1.3,29251,jkelleherkv@rambler.ru,+62 (272) 238-1631
753,Tanya,Matuszewski,2018-08-30,1993-10-31,1.0,17352,tmatuszewskikw@yahoo.com,+86 (524) 306-0385
754,Kurt,Mulvey,2019-08-06,1962-08-17,0.6,16003,kmulveykx@nhs.uk,+54 (131) 971-1292
755,Tawsha,Rydzynski,2020-02-21,1967-07-15,0.9,19871,trydzynskiky@pen.io,+20 (490) 851-5286
756,Marline,Tern,2018-02-10,1974-05-03,3.2,28799,mternkz@webeden.co.uk,+62 (318) 529-1113
757,Thomas,Gepson,2018-10-30,1981-05-14,2.8,27492,tgepsonl0@skype.com,+1 (303) 389-5809
758,Richy,Leyes,2019-08-31,1970-04-21,0.6,23891,rleyesl1@webnode.com,+46 (265) 256-8901
759,Land,Kinghorne,2018-01-21,1991-07-06,2.0,21086,lkinghornel2@sogou.com,+86 (514) 742-9566
760,El,Rockwell,2021-06-29,1964-12-07,4.0,18098,erockwelll3@chicagotribune.com,+46 (782) 377-8898
761,Janel,Pritty,2019-10-22,1970-09-28,2.7,28260,jprittyl4@bizjournals.com,+386 (736) 545-2742
762,Zeke,Butterly,2021-08-12,1981-12-12,3.1,15174,zbutterlyl5@cbc.ca,+972 (980) 716-7615
763,Abbot,Youdell,2019-12-28,1974-09-21,1.1,16414,ayoudelll6@spiegel.de,+62 (192) 248-6047
764,Robena,Micklewright,2019-03-11,1976-01-18,1.2,15233,rmicklewrightl7@usda.gov,+55 (801) 328-1799
765,Bettina,Langcastle,2018-07-28,1968-02-14,3.8,16906,blangcastlel8@xinhuanet.com,+225 (347) 631-7798
766,Oren,Penney,2019-08-28,2002-12-23,0.6,25702,openneyl9@cnet.com,+86 (954) 252-7063
767,Clevey,Crichton,2017-10-13,1985-09-15,3.5,24452,ccrichtonla@smugmug.com,+55 (480) 991-4210
768,Rania,Poncet,2017-03-07,1966-10-11,2.4,16965,rponcetlb@vk.com,+98 (954) 166-8383
769,Inglebert,Gann,2016-10-18,1995-01-20,0.3,27948,igannlc@surveymonkey.com,+34 (312) 440-6465
770,Geraldine,Melmeth,2019-07-24,1981-12-05,0.0,27679,gmelmethld@technorati.com,+98 (604) 755-1736
771,Avivah,Widdecombe,2016-04-26,1965-09-29,1.2,29922,awiddecombele@pcworld.com,+86 (923) 552-3430
772,Ruby,Hannan,2017-05-09,1992-11-10,3.9,28612,rhannanlf@icio.us,+62 (726) 506-8583
773,Glenden,McTrusty,2021-01-06,1991-12-23,1.7,17326,gmctrustylg@a8.net,+1 (989) 832-8564
774,Madel,Padillo,2019-06-19,1962-03-06,4.2,24310,mpadillolh@smugmug.com,+358 (550) 152-1017
775,Bowie,Fayers,2020-04-29,1999-07-24,3.6,17454,bfayersli@w3.org,+56 (552) 484-7895
776,Spense,Gulc,2018-04-22,1971-10-08,0.2,18872,sgulclj@1688.com,+1 (334) 352-5093
777,Sergio,Roxby,2018-06-23,1967-08-28,0.9,16837,sroxbylk@home.pl,+65 (869) 166-2400
778,Katrinka,Moberley,2016-06-08,1960-10-11,0.4,17097,kmoberleyll@imdb.com,+54 (542) 188-0690
779,Curtice,Pozzi,2017-12-15,1968-07-22,1.3,21288,cpozzilm@vistaprint.com,+62 (433) 693-6947
780,Arlie,Latehouse,2015-10-02,1985-04-11,0.5,29528,alatehouseln@linkedin.com,+62 (302) 852-1877
781,Salli,Waggett,2021-07-31,1994-06-02,2.8,27400,swaggettlo@mtv.com,+86 (740) 516-9144
782,Rebecca,Edwick,2018-10-04,1977-04-23,3.7,22521,redwicklp@samsung.com,+387 (442) 642-0501
783,Joanna,Kopke,2019-05-18,1972-02-02,1.1,19434,jkopkelq@diigo.com,+52 (565) 932-1592
784,Denny,Rosevear,2015-09-26,1973-06-27,2.1,15665,drosevearlr@nih.gov,+352 (705) 206-5298
785,Adriano,Aiken,2018-10-04,1998-07-25,4.1,19336,aaikenls@ihg.com,+1 (402) 782-3012
786,Martelle,Hallede,2019-05-12,1993-04-22,0.3,29455,mhalledelt@list-manage.com,+46 (479) 513-1748
787,Cristian,Ramsey,2021-03-15,1982-03-10,1.9,25557,cramseylu@nps.gov,+880 (598) 272-6391
788,Bordy,Frangione,2020-11-21,1970-09-28,3.4,25806,bfrangionelv@youtu.be,+46 (884) 186-6936
789,Dev,Laurie,2019-06-29,1973-01-13,3.9,17358,dlaurielw@state.gov,+7 (340) 470-7203
790,Alica,Onn,2017-11-09,1992-04-30,0.0,24037,aonnlx@uiuc.edu,+62 (824) 528-9405
791,Marcella,Bollins,2018-01-31,1968-12-22,1.9,29585,mbollinsly@qq.com,+1 (916) 769-0466
792,Pia,Ryal,2020-12-12,1991-12-07,1.9,19692,pryallz@devhub.com,+351 (159) 285-9560
793,Syman,Pedgrift,2021-05-19,2000-09-07,2.0,18776,spedgriftm0@diigo.com,+212 (904) 172-6069
794,Aleda,Strutt,2018-10-18,1974-04-17,2.0,17329,astruttm1@ovh.net,+86 (437) 921-1398
795,Morley,Genny,2018-07-12,1980-05-01,1.7,20120,mgennym2@51.la,+86 (363) 196-7856
796,Farra,Byway,2018-12-19,1990-02-17,3.0,25965,fbywaym3@google.com.hk,+86 (646) 925-0467
797,Ludovico,Durrand,2017-05-27,1997-02-19,0.2,28730,ldurrandm4@yale.edu,+46 (365) 802-2521
798,Shane,Fevier,2017-06-27,1987-06-17,3.0,28660,sfevierm5@nymag.com,+54 (228) 235-5605
799,Pooh,Melloy,2016-08-30,1999-04-27,2.4,15482,pmelloym6@clickbank.net,+62 (666) 549-5911
800,Valentina,Duffield,2016-08-10,1997-07-19,1.8,27551,vduffieldm7@acquirethisname.com,+371 (567) 825-9156
801,Crystal,Orknay,2020-05-11,1991-10-29,3.4,28412,corknaym8@usgs.gov,+355 (909) 127-3184
802,Carce,Tingly,2020-10-29,1992-09-17,3.7,25162,ctinglym9@buzzfeed.com,+33 (204) 188-9713
803,Chelsy,Francesc,2020-05-28,1981-02-05,4.4,27481,cfrancescma@yolasite.com,+93 (607) 293-3700
804,Maurice,Furminger,2019-07-24,1975-12-10,3.0,24956,mfurmingermb@purevolume.com,+55 (839) 920-1847
805,Jard,Henderson,2015-12-11,1991-11-10,3.3,18134,jhendersonmc@blog.com,+7 (402) 868-9777
806,Lilli,Spedroni,2020-01-15,1977-08-26,2.8,17931,lspedronimd@mapquest.com,+62 (221) 150-1275
807,Fonsie,Tomkins,2018-08-20,1964-07-08,0.7,21192,ftomkinsme@yale.edu,+33 (272) 137-5377
808,Dell,Fessions,2020-06-11,1989-09-18,3.0,19350,dfessionsmf@tmall.com,+81 (343) 373-6662
809,Rakel,Woodward,2019-05-05,1973-05-05,2.2,24373,rwoodwardmg@stanford.edu,+86 (120) 653-7985
810,Nevil,Amort,2020-10-05,1968-10-24,1.6,18137,namortmh@epa.gov,+880 (567) 331-1423
811,Xenos,Fishlock,2020-04-11,1998-12-18,4.0,15093,xfishlockmi@freewebs.com,+62 (324) 969-9383
812,Griswold,Palfreeman,2016-12-19,1983-11-07,0.5,25645,gpalfreemanmj@barnesandnoble.com,+33 (527) 786-4515
813,Eli,Laurence,2019-02-17,1971-08-05,0.4,22708,elaurencemk@uol.com.br,+7 (565) 733-0722
814,Red,Ranson,2017-06-23,1969-05-15,0.6,22767,rransonml@columbia.edu,+30 (248) 575-8803
815,Kris,Giacobillo,2017-04-02,1986-05-19,1.6,17346,kgiacobillomm@altervista.org,+90 (316) 272-6213
816,Christiana,Geddes,2017-02-12,1995-03-16,1.2,23786,cgeddesmn@upenn.edu,+46 (463) 547-0777
817,Wilt,Bartusek,2020-07-22,1977-07-01,3.4,26436,wbartusekmo@cyberchimps.com,+86 (116) 441-3231
818,Devina,Pash,2016-10-23,1980-10-01,3.5,26363,dpashmp@google.es,+62 (808) 301-3856
819,Latashia,Burvill,2018-03-11,1968-05-07,2.3,15047,lburvillmq@simplemachines.org,+992 (876) 195-2922
820,Shayla,Dadge,2016-11-19,1990-09-10,3.2,16532,sdadgemr@webeden.co.uk,+33 (809) 728-5691
821,Cinderella,Spillett,2017-08-26,1981-04-08,4.6,20201,cspillettms@friendfeed.com,+57 (206) 885-6033
822,Ruttger,Steenson,2017-02-26,1964-05-06,0.0,27377,rsteensonmt@yelp.com,+358 (430) 703-4383
823,Hyacinthie,Seid,2019-12-29,1978-07-02,4.6,18375,hseidmu@google.nl,+63 (994) 245-9966
824,Tanya,Gherardini,2021-03-11,1970-03-16,4.7,28190,tgherardinimv@csmonitor.com,+62 (258) 264-6999
825,Korrie,Slewcock,2017-03-04,1980-11-27,3.6,18729,kslewcockmw@umn.edu,+66 (286) 182-2297
826,Missie,Muzzi,2019-02-15,1970-05-22,0.3,20419,mmuzzimx@foxnews.com,+86 (377) 914-6723
827,Chick,Plume,2018-04-08,1993-11-07,3.5,15258,cplumemy@dell.com,+970 (742) 797-5565
828,Stella,Lukacs,2017-02-25,2001-08-18,1.1,28104,slukacsmz@whitehouse.gov,+386 (161) 791-9893
829,Balduin,Sorrill,2016-04-13,1969-04-01,2.8,28137,bsorrilln0@bbc.co.uk,+55 (464) 527-7636
830,Emiline,Houndesome,2016-03-19,1995-12-11,4.5,20038,ehoundesomen1@zimbio.com,+86 (224) 197-5726
831,Lazaro,Hundy,2015-10-30,1960-09-21,4.7,28251,lhundyn2@apple.com,+81 (215) 624-7537
832,Barrett,Alker,2018-10-23,1987-09-21,3.3,19306,balkern3@blogtalkradio.com,+55 (831) 482-5962
833,Nedi,Garred,2019-06-07,1967-01-23,2.9,18253,ngarredn4@pinterest.com,+81 (368) 276-3071
834,Klarrisa,Wildey,2018-03-13,1974-10-21,4.7,24959,kwildeyn5@mit.edu,+55 (880) 675-1720
835,Deeanne,Dradey,2016-10-31,1986-08-10,3.8,18874,ddradeyn6@clickbank.net,+93 (590) 298-0139
836,Nancey,Hellens,2020-07-23,1996-01-19,0.3,23345,nhellensn7@hugedomains.com,+66 (922) 579-4482
837,Gusty,Sainter,2018-05-07,1966-02-09,2.4,29707,gsaintern8@accuweather.com,+86 (479) 219-8215
838,Jacquelyn,Harmstone,2018-09-29,1986-11-30,3.6,18740,jharmstonen9@google.com.au,+33 (902) 428-3108
839,Elliott,Dairton,2019-08-18,1963-07-31,4.6,16936,edairtonna@dagondesign.com,+86 (429) 471-0678
840,Saudra,Clemerson,2017-10-01,1974-07-14,0.8,17751,sclemersonnb@phoca.cz,+380 (371) 838-0356
841,Lynda,Rand,2021-03-28,1985-10-28,0.3,21151,lrandnc@nymag.com,+62 (913) 957-5352
842,Goraud,Wordsworth,2021-01-06,1991-08-09,4.9,16294,gwordsworthnd@google.es,+55 (329) 799-7187
843,Lammond,Keele,2017-07-27,1965-11-15,2.7,17079,lkeelene@japanpost.jp,+62 (975) 733-9213
844,Nerty,Uccelli,2019-05-09,1963-04-10,0.3,22992,nuccellinf@opera.com,+970 (401) 319-9455
845,Alexio,Mangeon,2019-10-24,2001-01-31,5.0,22415,amangeonng@freewebs.com,+52 (738) 574-9386
846,Tedman,Dreakin,2017-09-06,1971-02-19,0.3,18488,tdreakinnh@fda.gov,+1 (409) 190-4090
847,Sayer,Arr,2020-03-02,1988-08-13,0.9,19528,sarrni@marriott.com,+48 (386) 460-8469
848,Mauricio,Heed,2020-10-23,1966-08-27,1.8,27771,mheednj@smh.com.au,+55 (694) 720-1034
849,Franky,Teall,2018-06-23,1993-05-15,4.4,21110,fteallnk@mapy.cz,+62 (121) 658-6295
850,Karissa,Bentke,2020-07-03,1981-05-18,0.5,24997,kbentkenl@phpbb.com,+386 (664) 980-0931
851,Burke,Meneghi,2020-07-01,1963-06-01,3.1,17817,bmeneghinm@slate.com,+33 (977) 740-0732
852,Rozamond,Ficken,2020-10-19,1986-12-11,0.7,25111,rfickennn@icq.com,+7 (676) 354-6335
853,Niall,Boundley,2020-02-20,1995-01-15,1.2,17651,nboundleyno@sciencedirect.com,+57 (396) 364-9148
854,Erich,Sawford,2016-06-30,2001-08-02,2.3,27703,esawfordnp@flavors.me,+81 (873) 827-8218
855,Rurik,Sivell,2015-11-27,1992-09-03,2.5,26485,rsivellnq@irs.gov,+54 (517) 288-2846
856,Bonni,Giovannardi,2017-07-08,1991-03-29,3.9,25001,bgiovannardinr@usgs.gov,+62 (831) 405-5969
857,Gauthier,Teulier,2021-01-08,1962-10-18,2.3,17826,gteulierns@g.co,+995 (582) 556-6649
858,Bartolemo,Moorman,2019-02-22,1998-03-29,3.4,25070,bmoormannt@google.cn,+86 (154) 536-5907
859,Wendeline,Tamplin,2019-03-07,1995-12-20,4.9,24738,wtamplinnu@lulu.com,+86 (811) 316-2168
860,Carina,Smissen,2016-01-25,1972-03-31,3.7,29220,csmissennv@netscape.com,+81 (892) 244-6740
861,Jourdan,Fairbourn,2017-11-06,1965-10-17,4.0,15594,jfairbournnw@answers.com,+351 (700) 502-8307
862,Olag,Daughtery,2020-09-05,1984-02-09,2.7,22347,odaughterynx@digg.com,+86 (381) 382-0143
863,Jean,Ledwith,2017-03-24,1962-09-18,1.0,19048,jledwithny@diigo.com,+7 (559) 613-4474
864,Andonis,Pesselt,2018-03-11,1969-06-21,1.6,24226,apesseltnz@illinois.edu,+30 (682) 113-3850
865,Elfreda,Hainning,2017-12-30,1994-11-18,4.5,15531,ehainningo0@wix.com,+93 (339) 263-0285
866,Rick,Kilfedder,2020-07-04,1967-01-30,5.0,22451,rkilfeddero1@sbwire.com,+358 (205) 970-9450
867,Filide,Larvin,2019-06-10,1995-08-07,0.5,27412,flarvino2@bbc.co.uk,+63 (379) 152-7608
868,Danna,De Micoli,2020-01-18,1981-04-25,3.3,15590,ddemicolio3@nih.gov,+502 (731) 928-3256
869,Tana,Balassa,2020-02-06,1990-02-04,0.8,18223,tbalassao4@is.gd,+62 (369) 431-5644
870,Freda,Garrett,2016-03-16,1999-02-14,3.8,19808,fgarretto5@economist.com,+30 (120) 911-9696
871,Wyatan,Capponer,2016-05-28,2002-09-03,2.0,27068,wcapponero6@eventbrite.com,+86 (329) 568-4011
872,Tiphany,O'Bradden,2016-07-07,1975-02-03,1.5,25283,tobraddeno7@opera.com,+351 (188) 233-0974
873,Kaycee,Dryburgh,2020-05-07,1977-12-31,1.7,23357,kdryburgho8@bravesites.com,+7 (704) 723-9183
874,Annecorinne,Gierhard,2015-11-11,1967-04-19,1.0,28019,agierhardo9@linkedin.com,+1 (524) 474-8705
875,Jacynth,Yukhin,2020-12-09,1998-03-03,3.3,20803,jyukhinoa@noaa.gov,+225 (956) 106-8827
876,Sibyl,Frondt,2015-10-05,1976-02-09,2.0,29904,sfrondtob@opera.com,+387 (455) 244-9538
877,Charmaine,Dady,2017-11-03,1978-03-08,3.8,23331,cdadyoc@shinystat.com,+81 (418) 201-0148
878,Lawrence,Lethcoe,2015-10-26,1995-05-21,3.8,21293,llethcoeod@dion.ne.jp,+7 (455) 551-8599
879,Livvyy,Jancar,2020-01-12,1977-09-13,0.5,27321,ljancaroe@weebly.com,+265 (138) 255-5910
880,Taddeo,Laux,2016-01-05,1989-07-29,2.9,24274,tlauxof@newyorker.com,+27 (560) 810-0378
881,Clint,Ralestone,2017-01-11,1969-06-01,4.0,27757,cralestoneog@is.gd,+48 (749) 137-0204
882,Berkie,Wooderson,2019-05-16,1967-08-09,0.3,27440,bwoodersonoh@elegantthemes.com,+86 (122) 391-1014
883,Alayne,Belson,2019-06-26,1987-06-02,2.7,23468,abelsonoi@trellian.com,+1 (602) 891-1650
884,Devondra,Maseres,2020-04-14,1971-07-29,3.0,20470,dmaseresoj@salon.com,+970 (591) 785-8097
885,Binny,Eke,2017-01-26,1970-12-14,2.3,24377,bekeok@independent.co.uk,+504 (624) 374-4066
886,Tremaine,Claworth,2021-06-17,1972-06-26,2.0,19185,tclaworthol@google.co.uk,+7 (445) 491-1820
887,Joelynn,Capps,2020-11-13,1989-10-19,4.0,15000,jcappsom@nature.com,+381 (774) 205-7394
888,Mollee,de Banke,2019-07-22,2000-03-13,4.3,20987,mdebankeon@oakley.com,+62 (349) 313-3745
889,Woodman,Sentance,2018-01-08,1992-02-04,1.9,16913,wsentanceoo@soundcloud.com,+7 (691) 234-4174
890,Darleen,Awton,2020-04-06,1974-11-10,3.6,24933,dawtonop@tuttocitta.it,+86 (793) 741-9945
891,Catrina,Hryniewicki,2018-02-23,1975-07-26,1.0,15400,chryniewickioq@t.co,+86 (766) 221-3458
892,Lettie,Bullus,2018-12-17,1974-10-06,0.5,18034,lbullusor@zimbio.com,+55 (668) 854-2765
893,Dolli,Label,2019-02-24,1972-04-17,1.6,23777,dlabelos@cnet.com,+7 (301) 351-5904
894,Franklyn,Sorsbie,2016-12-26,1985-03-04,0.8,26332,fsorsbieot@meetup.com,+34 (866) 978-2074
895,Debera,Jewes,2019-06-09,1975-01-09,3.9,19546,djewesou@dagondesign.com,+63 (648) 651-9829
896,Idalina,Heimann,2019-02-07,1965-09-18,2.5,28147,iheimannov@google.pl,+264 (792) 219-5578
897,Dael,Tabourier,2020-10-21,1962-05-16,3.8,18006,dtabourierow@google.it,+996 (704) 497-9529
898,Casey,Cadany,2020-04-12,1966-12-28,2.7,19248,ccadanyox@mac.com,+86 (296) 518-0150
899,Any,Simek,2019-03-16,1995-10-02,1.8,26960,asimekoy@usgs.gov,+216 (684) 122-4369
900,Tonnie,Mosey,2021-02-09,1987-09-21,2.4,16220,tmoseyoz@marketwatch.com,+33 (361) 905-8626
901,Karna,Daveren,2021-05-09,1996-09-04,4.5,25366,kdaverenp0@photobucket.com,+62 (129) 355-2339
902,Emlynn,Birrane,2015-09-27,2002-12-11,3.6,17320,ebirranep1@thetimes.co.uk,+46 (698) 880-5832
903,Nanice,Maceur,2020-06-19,1967-07-21,1.5,25849,nmaceurp2@rambler.ru,+86 (652) 324-0897
904,Adrian,Morcomb,2021-05-21,1963-02-17,0.3,20501,amorcombp3@wordpress.com,+62 (532) 403-1286
905,Nicolas,Aubry,2020-08-01,1985-10-23,2.8,17919,naubryp4@nba.com,+380 (560) 900-9654
906,Casey,Shurman,2020-04-20,1998-09-04,0.1,19520,cshurmanp5@163.com,+33 (482) 200-6545
907,Amandie,Staig,2020-12-30,1974-08-12,1.9,21391,astaigp6@joomla.org,+351 (428) 288-5007
908,Leonhard,Jakubowicz,2015-10-05,1987-07-27,3.6,16328,ljakubowiczp7@cnet.com,+55 (167) 963-9126
909,Corrie,Killeley,2019-10-16,1980-10-20,3.4,18913,ckilleleyp8@java.com,+62 (606) 790-5366
910,Jessy,Dollman,2019-11-10,1961-05-27,0.9,26637,jdollmanp9@is.gd,+56 (214) 569-8936
911,Madelin,Iglesias,2017-04-24,1972-09-25,4.5,16132,miglesiaspa@yale.edu,+86 (740) 965-7708
912,Hillary,Philpot,2019-02-08,1972-02-17,3.8,24248,hphilpotpb@hhs.gov,+359 (863) 136-1630
913,Rayshell,Chasteney,2019-11-30,1993-05-24,3.7,26135,rchasteneypc@who.int,+62 (949) 439-8992
914,Betteanne,Maykin,2016-11-30,1991-02-21,2.0,22807,bmaykinpd@dion.ne.jp,+51 (912) 570-8447
915,Mei,McSpirron,2019-10-05,2003-06-05,3.8,19097,mmcspirronpe@vimeo.com,+51 (260) 479-6400
916,Harman,Tome,2019-03-26,1994-07-21,3.5,15333,htomepf@cloudflare.com,+420 (619) 126-9444
917,Liane,MacConnell,2019-07-01,1966-09-06,3.1,24310,lmacconnellpg@wunderground.com,+7 (312) 299-9104
918,Ford,Carrivick,2018-11-23,2001-07-19,0.3,20558,fcarrivickph@ebay.co.uk,+86 (418) 147-1634
919,Helsa,Caveau,2019-12-02,1983-06-09,3.1,21363,hcaveaupi@webnode.com,+86 (591) 111-2971
920,Obie,Downage,2020-08-17,1999-06-19,2.0,19227,odownagepj@nsw.gov.au,+960 (584) 637-4144
921,Leda,Sizzey,2017-12-28,1998-10-26,1.3,17679,lsizzeypk@prweb.com,+86 (432) 800-9041
922,Coreen,Matteo,2021-03-24,1997-11-05,3.0,26528,cmatteopl@bluehost.com,+33 (855) 608-1694
923,Tara,Kohnert,2020-04-11,1973-11-01,1.1,27245,tkohnertpm@friendfeed.com,+92 (638) 585-2666
924,Aluin,Mountlow,2016-05-18,1988-06-28,4.0,25987,amountlowpn@who.int,+36 (615) 347-6024
925,Cyrus,Hadwick,2016-10-21,1964-01-16,2.2,17160,chadwickpo@edublogs.org,+55 (808) 698-2675
926,Janka,McShee,2017-05-15,2003-05-30,4.2,15208,jmcsheepp@imdb.com,+63 (609) 701-6736
927,Kristel,De Cleyne,2015-12-27,1985-12-16,1.1,23257,kdecleynepq@nbcnews.com,+212 (269) 753-9326
928,Briana,Boise,2018-09-11,1986-01-07,1.9,16850,bboisepr@cmu.edu,+52 (127) 779-4325
929,Octavius,Chooter,2020-01-27,1972-10-16,1.2,27664,ochooterps@narod.ru,+30 (892) 463-7072
930,Maude,Nelthrop,2016-03-06,2002-04-03,2.7,17766,mnelthroppt@bloglines.com,+86 (360) 182-5009
931,Maribelle,Ruoff,2018-12-04,1996-07-13,2.9,21580,mruoffpu@xing.com,+385 (868) 683-0546
932,Rosemaria,Ayre,2020-02-13,2002-12-31,0.5,25628,rayrepv@360.cn,+86 (809) 653-0725
933,Nicolea,Prestage,2019-11-03,2003-04-09,3.2,20467,nprestagepw@lycos.com,+506 (616) 722-4866
934,Ilysa,Pilmore,2021-02-07,1963-12-05,2.6,16345,ipilmorepx@fastcompany.com,+63 (503) 148-2119
935,Pepe,Nelissen,2018-02-17,1963-11-03,1.2,29225,pnelissenpy@zdnet.com,+49 (140) 623-9244
936,Desirae,Dorrins,2016-09-02,1987-05-26,2.6,15654,ddorrinspz@deliciousdays.com,+46 (647) 190-7413
937,Angele,Aylin,2020-02-17,1971-02-11,1.0,27285,aaylinq0@istockphoto.com,+33 (712) 473-0356
938,Pall,Critch,2020-09-03,1998-05-11,2.0,20512,pcritchq1@jiathis.com,+33 (804) 606-6816
939,Iain,Loan,2021-03-01,1987-07-02,4.3,19303,iloanq2@marriott.com,+216 (457) 186-7480
940,Yves,Riha,2017-12-31,1965-10-22,3.9,21138,yrihaq3@nationalgeographic.com,+62 (269) 264-4987
941,Wernher,Cheese,2016-12-31,1990-02-02,0.1,28518,wcheeseq4@etsy.com,+55 (514) 518-0945
942,Carrol,Vanyakin,2021-05-11,1964-10-25,1.9,26388,cvanyakinq5@github.com,+504 (426) 239-2848
943,Jacques,Pipes,2017-10-20,1972-01-28,5.0,23093,jpipesq6@whitehouse.gov,+86 (408) 765-3778
944,Jaime,Smalecombe,2018-12-25,1989-06-18,2.0,25092,jsmalecombeq7@slashdot.org,+55 (992) 933-3312
945,Wait,Dogerty,2021-06-21,1998-07-10,4.7,19116,wdogertyq8@hibu.com,+86 (167) 102-0317
946,Gardie,Van der Merwe,2020-04-25,1996-02-12,4.7,26712,gvandermerweq9@cafepress.com,+351 (955) 421-8938
947,Adelind,Stopp,2017-07-28,2003-01-04,1.9,16702,astoppqa@ed.gov,+86 (709) 788-6280
948,Waverly,Brister,2018-05-02,1961-07-31,1.8,24048,wbristerqb@wunderground.com,+98 (425) 216-5407
949,Waite,Yantsev,2019-06-05,1968-11-03,0.1,27298,wyantsevqc@cocolog-nifty.com,+81 (336) 533-4935
950,Branden,Pinke,2021-08-26,1962-02-18,2.0,21557,bpinkeqd@jigsy.com,+94 (311) 977-8648
951,Bradley,Jozefczak,2018-02-13,1969-05-28,2.9,29104,bjozefczakqe@fotki.com,+62 (623) 488-5539
952,Patricio,Harburtson,2018-03-11,1966-03-02,2.5,15478,pharburtsonqf@imgur.com,+63 (122) 347-9556
953,Emmott,Mooreed,2018-04-08,1982-02-12,0.3,22104,emooreedqg@privacy.gov.au,+7 (728) 984-4226
954,Nikolai,Shropshire,2016-10-06,1983-10-16,4.8,16979,nshropshireqh@nydailynews.com,+218 (330) 141-5533
955,Ellynn,Best,2015-10-17,1970-04-25,4.0,22047,ebestqi@columbia.edu,+81 (634) 942-1960
956,Trefor,Jan,2019-06-13,1966-07-09,0.9,24065,tjanqj@harvard.edu,+86 (371) 812-5147
957,Konstantin,Saffran,2021-01-10,1992-08-16,0.7,28363,ksaffranqk@imgur.com,+1 (425) 836-0762
958,Dario,Heliet,2020-09-17,1991-01-18,3.5,25593,dhelietql@businesswire.com,+86 (779) 740-3507
959,Clem,Cunney,2020-11-19,1979-11-18,3.9,27256,ccunneyqm@diigo.com,+1 (244) 184-2770
960,Hilly,Ladyman,2019-10-10,1988-02-24,1.1,23983,hladymanqn@cpanel.net,+86 (101) 538-2535
961,Rodge,McGillreich,2017-10-20,1978-06-24,0.5,24493,rmcgillreichqo@netvibes.com,+66 (808) 154-5015
962,Bert,Restorick,2019-09-13,1979-12-31,3.8,25122,brestorickqp@dailymotion.com,+420 (555) 913-3070
963,Darla,Weedenburg,2020-05-04,1965-10-04,2.7,23405,dweedenburgqq@indiegogo.com,+381 (710) 793-6224
964,Levon,Ommundsen,2019-11-11,1995-04-02,3.2,28240,lommundsenqr@livejournal.com,+81 (769) 992-6056
965,Jeanna,Catcheside,2017-11-09,1997-11-04,2.9,19374,jcatchesideqs@ibm.com,+237 (835) 362-2160
966,Crin,Spilsted,2019-09-29,1971-04-25,4.3,20261,cspilstedqt@tumblr.com,+351 (499) 231-2564
967,Benetta,Hatchell,2015-10-27,2003-04-04,0.2,23711,bhatchellqu@harvard.edu,+63 (329) 978-0962
968,Angelo,Summerlie,2019-04-22,1986-05-23,4.8,27550,asummerlieqv@tinypic.com,+7 (861) 863-7222
969,Winfred,Luker,2017-11-09,1988-06-16,2.2,15836,wlukerqw@icio.us,+33 (955) 152-6021
970,Neille,Meran,2016-04-12,1961-10-11,2.6,27023,nmeranqx@ameblo.jp,+1 (281) 931-2591
971,Damian,Jakaway,2020-12-06,1968-08-20,2.7,28361,djakawayqy@blogger.com,+86 (940) 946-7524
972,Rabbi,Baston,2020-08-26,1985-02-18,3.1,15854,rbastonqz@simplemachines.org,+420 (332) 887-4799
973,Corrie,Bridgman,2015-12-03,1998-02-28,2.0,26630,cbridgmanr0@liveinternet.ru,+62 (681) 495-2660
974,Geoffry,Harraway,2020-07-19,2001-10-01,4.8,21028,gharrawayr1@economist.com,+7 (122) 493-3654
975,Lombard,Ruller,2021-07-26,1974-01-04,3.9,26904,lrullerr2@harvard.edu,+62 (481) 479-3066
976,Abbye,Cleaveland,2015-09-14,1974-10-28,4.2,22883,acleavelandr3@columbia.edu,+86 (785) 971-1424
977,Horton,Mattinson,2016-03-20,2001-08-31,0.2,25326,hmattinsonr4@state.gov,+995 (483) 154-0608
978,Linn,Greenhall,2015-09-20,1987-09-10,4.0,29312,lgreenhallr5@ameblo.jp,+86 (958) 590-0877
979,Ella,Duiged,2018-05-15,1993-07-22,1.5,17958,eduigedr6@twitter.com,+86 (365) 292-1873
980,Nikolaus,Pischoff,2020-12-05,1975-05-11,2.2,18582,npischoffr7@mail.ru,+7 (803) 468-3907
981,Nikolas,Docharty,2020-01-18,1994-05-08,1.6,23146,ndochartyr8@examiner.com,+48 (683) 187-2348
982,Jarid,Larmouth,2019-05-31,1985-12-29,0.3,26332,jlarmouthr9@globo.com,+1 (868) 876-6812
983,Dill,Renn,2019-01-18,1989-09-01,0.6,16601,drennra@google.com.br,+227 (267) 154-4158
984,Andeee,Bourne,2016-11-17,2002-01-24,2.7,29419,abournerb@photobucket.com,+48 (529) 461-0495
985,Reena,Parish,2020-01-27,1995-06-15,1.7,26536,rparishrc@github.io,+86 (109) 681-4832
986,Larine,Juszczyk,2017-12-03,1981-05-22,1.1,16229,ljuszczykrd@csmonitor.com,+86 (283) 977-2024
987,Callean,Pattillo,2019-05-24,1981-01-20,0.1,24300,cpattillore@facebook.com,+55 (818) 955-0377
988,Lauretta,Dutch,2018-06-25,1979-03-04,4.7,27573,ldutchrf@reverbnation.com,+86 (300) 210-2375
989,Teddy,Punton,2018-05-16,1969-11-23,3.8,26949,tpuntonrg@themeforest.net,+62 (498) 858-5887
990,Paolo,Consadine,2017-04-28,1994-01-23,3.8,16093,pconsadinerh@parallels.com,+63 (134) 888-2273
991,Betteann,Swinnard,2017-05-24,1995-09-24,4.6,27759,bswinnardri@sogou.com,+970 (967) 345-8296
992,Merrill,Capron,2018-01-02,1961-06-18,4.6,17217,mcapronrj@google.ca,+55 (424) 140-2852
993,Pail,Breede,2016-08-08,1963-01-22,1.6,29155,pbreederk@e-recht24.de,+504 (854) 799-2756
994,Charmian,Hadcock,2016-10-03,1995-12-21,4.3,25127,chadcockrl@ca.gov,+86 (382) 298-3943
995,Germana,O'Corrin,2016-01-28,1982-05-27,0.2,29645,gocorrinrm@netvibes.com,+86 (261) 965-3803
996,Chelsy,Anfrey,2016-04-19,1983-10-02,2.4,22475,canfreyrn@sciencedaily.com,+30 (924) 593-0183
997,Stafani,Roughey,2017-09-15,1965-08-06,0.1,28921,srougheyro@ebay.co.uk,+880 (556) 817-4227
998,Celestyn,Stidworthy,2018-02-03,1975-09-05,2.6,25514,cstidworthyrp@sohu.com,+63 (533) 752-7343
999,Mollee,Itscovitz,2018-06-27,2002-06-15,2.3,19318,mitscovitzrq@webmd.com,+86 (991) 430-1761
1000,Silvester,Leas,2016-09-26,1980-06-28,2.4,22562,sleasrr@163.com,+62 (423) 214-0328
